"Gene"	"Chromosome"	"Start"	"End"	"WT1"	"WT2"	"WT3"	"XISTAC1A5"	"XISTAC1B3"	"XISTAC2B2"	"XISTAC2B4"
"LOC105378948"	"LOC105378948"	"1"	1065635	1069337	0.343	0.503	0.535	0.153	0.155	0.249	0.147
"MXRA8"	"MXRA8"	"1"	1352689	1363541	103.035	101.06	101.106	76.081	58.203	65.384	74.74
"ICMT"	"ICMT"	"1"	6221193	6235964	86.221	91.949	93.211	117.631	114.71	105.059	106.932
"PER3"	"PER3"	"1"	7784285	7845181	5.906	5.796	5.5	12.606	8.801	11.916	10.136
"ENO1"	"ENO1"	"1"	8861000	8878686	1723.183	1843.611	1836.109	1402.35	1540.825	1555.84	1567.357
"H6PD"	"H6PD"	"1"	9234767	9271337	9.075	8.292	8.172	7.032	5.895	6.25	5.905
"SPSB1"	"SPSB1"	"1"	9292894	9369532	23.22	24.444	21.869	18.424	16.103	17.405	18.669
"UBE4B"	"UBE4B"	"1"	10032958	10181239	33.663	33.596	33.921	27.155	25.112	27.646	27.627
"EXOSC10"	"EXOSC10"	"1"	11066613	11099869	48.225	48.515	51.988	55.585	62.954	59.339	57.352
"TNFRSF1B"	"TNFRSF1B"	"1"	12166948	12209222	1.818	1.724	1.781	0.498	0.958	0.785	0.773
"PLEKHM2"	"PLEKHM2"	"1"	15681506	15734769	51.238	50.521	52.9	45.572	46.074	46.503	43.966
"EIF1AXP1"	"EIF1AXP1"	"1"	16683091	16686249	47.262	46.748	46.483	55.476	54.296	53.529	62.042
"ALDH4A1"	"ALDH4A1"	"1"	18871430	18902555	15.668	14.829	17.314	9.925	12.436	12.05	12.217
"MICOS10-NBL1"	"MICOS10-NBL1"	"1"	19596979	19658452	22.92	23.575	25.32	34.175	32.272	31.127	34.995
"NBL1"	"NBL1"	"1"	19643229	19658452	8.008	8.13	9.248	14.972	13.962	13.724	14.589
"PINK1"	"PINK1"	"1"	20633458	20651511	93.309	91.631	86.239	64.45	60.143	55.826	60.365
"HTR1D"	"HTR1D"	"1"	23191895	23217502	13.26	12.311	11.096	8.039	7.546	9.398	9.773
"HMGCL"	"HMGCL"	"1"	23801885	23825429	24.298	26.566	23.337	21.459	16.462	17.773	16.712
"SELENON"	"SELENON"	"1"	25800193	25818221	109.484	108.201	112.131	93.086	87.535	90.132	82.562
"AUNIP"	"AUNIP"	"1"	25831906	25859457	7.685	7.848	7.472	9.63	9.078	9.444	8.901
"EXTL1"	"EXTL1"	"1"	26021775	26036464	0.756	0.356	0.679	0.125	0.08	0.015	0.106
"CEP85"	"CEP85"	"1"	26234179	26278808	14.831	14.279	15.885	20.179	21.877	19.895	17.28
"THEMIS2"	"THEMIS2"	"1"	27872531	27886679	0.147	0.285	0.138	0.026	0.027	0	0
"RPA2"	"RPA2"	"1"	27891524	27914797	67.545	69.364	67.657	83.701	82.083	74.906	81.422
"EPB41"	"EPB41"	"1"	28887100	29120041	3.475	3.394	3.667	2.136	2.283	2.638	2.739
"MECR"	"MECR"	"1"	29192657	29230948	11.603	11.735	11.098	9.22	9.198	9.212	10.32
"COL8A2"	"COL8A2"	"1"	36095239	36126207	2.679	1.965	1.897	0.596	1.052	0.544	0.88
"STK40"	"STK40"	"1"	36339628	36385924	20.382	21.278	21.962	15.657	16.477	17.264	16.735
"ZC3H12A"	"ZC3H12A"	"1"	37474518	37484377	7.974	8.357	7.415	4.445	4.784	5.894	4.206
"C1orf109"	"C1orf109"	"1"	37681570	37692336	9.474	9.429	9.074	11.186	11.385	11.731	12.447
"FHL3"	"FHL3"	"1"	37996770	38005514	37.973	38.633	37.386	31.23	27.96	34.08	30.316
"SLC2A1"	"SLC2A1"	"1"	42925353	42958868	424.176	435.517	432.311	253.909	325.954	291.576	275.891
"KIF2C"	"KIF2C"	"1"	44739704	44767767	57.625	61.911	59.584	85.677	93.389	81.502	79.647
"NASP"	"NASP"	"1"	45584041	45618893	80.044	76.029	72.326	91.853	87.416	93.174	100.563
"RAD54L"	"RAD54L"	"1"	46247688	46278477	14.983	14.967	15.972	18.287	19.539	20.595	17.737
"LRP8"	"LRP8"	"1"	53242364	53328070	8.173	7.946	8.451	12.08	10.962	11.828	11.817
"NDC1"	"NDC1"	"1"	53765478	53838296	61.462	62.314	64.368	76.509	78.759	71.777	74.936
"LRRC42"	"LRRC42"	"1"	53946350	53968168	50.767	49.082	50.332	44.697	43.493	43.011	45.387
"DHCR24"	"DHCR24"	"1"	54849627	54887195	193.314	203.61	213.372	126.839	156.405	148.442	165.324
"NFIA"	"NFIA"	"1"	61077227	61462788	3.66	3.656	3.856	6.153	5.508	5.354	4.919
"ITGB3BP"	"ITGB3BP"	"1"	63440770	63529395	10.465	10.294	10.399	13.28	12.831	12.251	11.916
"AK4"	"AK4"	"1"	65147342	65232145	5.926	6.006	4.372	2.197	1.984	2.883	0.916
"DEPDC1"	"DEPDC1"	"1"	68474152	68497082	34.525	36.26	35.458	50.688	53.884	46.257	46.331
"FUBP1"	"FUBP1"	"1"	77944055	77979435	48.575	46.216	47.913	54.33	57.244	57.595	56.528
"PTGFR"	"PTGFR"	"1"	78490974	78540701	4.342	4.393	3.536	10.118	9.276	8.106	6.131
"DDAH1"	"DDAH1"	"1"	85318485	85578274	107.457	103.394	108.127	57.451	67.006	66.931	77.953
"CDC7"	"CDC7"	"1"	91498968	91525764	10.392	10.33	10.872	12.886	13.196	14.295	14.153
"GLMN"	"GLMN"	"1"	92245786	92441936	6.832	7.486	6.862	8.729	8.243	8.924	8.606
"RPL5"	"RPL5"	"1"	92831986	92841924	1198.96	1172.432	1170.689	1062.449	1028.921	1012.033	1096.826
"CCDC18"	"CCDC18"	"1"	93179802	93279037	2.917	3.134	3.14	4.342	5.238	4.978	4.333
"GCLM"	"GCLM"	"1"	93885199	93910370	14.36	13.724	14.312	17.258	18.158	17.234	19.699
"CNN3"	"CNN3"	"1"	94896957	94927110	190.29	179.838	181.557	139.76	151.473	150.162	152.601
"RWDD3-DT"	"RWDD3-DT"	"1"	95163219	95233982	0.065	0.114	0.114	0	0.029	0	0
"SASS6"	"SASS6"	"1"	100082632	100132930	6.346	6.654	5.773	7.609	7.967	8.31	8.295
"TRMT13"	"TRMT13"	"1"	100133132	100150496	2.385	2.315	2.359	3.067	2.95	2.95	3.239
"COL11A1"	"COL11A1"	"1"	102876473	103108580	2.216	1.578	1.187	0.018	0.357	0	0.034
"GPSM2"	"GPSM2"	"1"	108875350	108934545	10.771	11.138	10.42	16.301	16.912	16.021	15.366
"SORT1"	"SORT1"	"1"	109309575	109397940	73.712	73.076	71.138	41.862	51.317	49.531	48.852
"GSTM4"	"GSTM4"	"1"	109656076	109665497	14.969	13.587	12.557	8.938	5.44	8.419	8.405
"GSTM2"	"GSTM2"	"1"	109668057	109683997	5.792	5.169	4.359	3.102	3.451	2.68	3.16
"AHCYL1"	"AHCYL1"	"1"	109984765	110023742	71.108	68.755	67.102	61.181	55.083	59.989	58.506
"KCNC4"	"KCNC4"	"1"	110210314	110282649	0.348	0.241	0.291	0.565	0.71	0.715	0.565
"DENND2D"	"DENND2D"	"1"	111185969	111204791	1.597	1.598	1.652	0.764	1.128	0.864	0.879
"CTTNBP2NL"	"CTTNBP2NL"	"1"	112391085	112461164	19.286	17.234	18.036	15.302	14.62	15.12	15.53
"MOV10"	"MOV10"	"1"	112674427	112702377	19.537	20.722	20.401	16.176	16.544	18.172	16.772
"DCLRE1B"	"DCLRE1B"	"1"	113904619	113914086	13.514	15.205	15.173	17.618	17.95	17.424	18.716
"VANGL1"	"VANGL1"	"1"	115641970	115698221	18.634	18.851	19.855	25.337	25.305	24.659	21.41
"CD58"	"CD58"	"1"	116500390	116571037	4.346	4.101	4.424	6.447	5.438	6.118	5.852
"PHGDH"	"PHGDH"	"1"	119711934	119744218	21.262	22.479	21.812	18.189	18.836	19.741	18.998
"ANKRD34A"	"ANKRD34A"	"1"	145959441	145964575	5.054	5.233	5.105	3.332	2.967	3.083	3.57
"ANP32E"	"ANP32E"	"1"	150218417	150236133	115.58	115.571	104.517	133.316	131.499	124.854	137.655
"CIART"	"CIART"	"1"	150282554	150287093	3.994	3.48	3.41	6.047	5.358	7.442	5.274
"MLLT11"	"MLLT11"	"1"	151060397	151069544	50.91	48.229	53.689	62.168	57.175	59.907	61.1
"TUFT1"	"TUFT1"	"1"	151540294	151583583	40.694	40.268	38.71	22.389	20.895	22.96	26.077
"S100A10"	"S100A10"	"1"	151982915	151993859	435.79	441.747	411.77	623.628	535.113	564.888	559.651
"CHTOP"	"CHTOP"	"1"	153634066	153646306	76.57	74.291	77.928	69.985	67.697	67.011	65.062
"RPS27"	"RPS27"	"1"	153990762	153992155	34.518	31.836	29.278	24.374	22.065	19.759	24.645
"CKS1B"	"CKS1B"	"1"	154974681	154979251	40.02	41.363	40.036	56.692	58.439	51.563	58.695
"SYT11"	"SYT11"	"1"	155859502	155885199	49.859	46.039	47.116	39.984	34.753	36.324	36.765
"BGLAP"	"BGLAP"	"1"	156242184	156243317	5.238	5.309	5.756	3.958	4.029	4.423	4.491
"MEF2D"	"MEF2D"	"1"	156463727	156500840	15.116	14.855	15.923	10.563	11.775	11.007	10.803
"NAXE"	"NAXE"	"1"	156591776	156599818	27.995	28.744	29.58	23.231	23.008	22.3	21.927
"KIRREL1"	"KIRREL1"	"1"	157993613	158100262	59.21	56.888	60.564	79.085	70.762	75.452	68.747
"DCAF8"	"DCAF8"	"1"	160215720	160262549	36.393	36.087	36.763	32.108	32.242	31.421	30.97
"VANGL2"	"VANGL2"	"1"	160400564	160428674	0.9	0.536	0.65	0.035	0.18	0	0.023
"DUSP12"	"DUSP12"	"1"	161749786	161757238	30.08	30.635	29.17	35.366	35.94	35.67	36.202
"CCDC190"	"CCDC190"	"1"	162851020	162868833	5.365	5.314	4.44	9.271	7.549	7.307	6.77
"RGS5"	"RGS5"	"1"	163142299	163321735	8.425	7.416	6.672	3.631	4.239	2.331	3.264
"NUF2"	"NUF2"	"1"	163321948	163355764	63.732	57.927	58.781	83.766	89.351	82.15	84.489
"GPR161"	"GPR161"	"1"	168079542	168137667	10.351	9.529	10.768	12.567	13.228	13.262	11.795
"CENPL"	"CENPL"	"1"	173799550	173824883	13.576	14.842	15.911	20.168	19.603	17.944	18.412
"CEP350"	"CEP350"	"1"	179954773	180114875	8.697	8.528	8.226	11.069	10.813	10.418	10.42
"GLUL"	"GLUL"	"1"	182378098	182391790	26.757	27.333	27.113	18.199	21.93	18.615	21.426
"LAMC1"	"LAMC1"	"1"	183023420	183145592	165.931	165.118	157.514	300.647	294.551	276.497	242.034
"NCF2"	"NCF2"	"1"	183555562	183590914	1.382	0.995	1.065	3.721	3.616	1.997	3.744
"ARPC5"	"ARPC5"	"1"	183620846	183635783	92.51	90.894	91.558	102.994	103.054	104.03	109.58
"TPR"	"TPR"	"1"	186311652	186375253	44.907	44.531	43.191	48.986	54.451	53.698	51.914
"ODR4"	"ODR4"	"1"	186375762	186421375	9.292	9.489	8.376	11.483	11.815	11.086	11.021
"PTGS2"	"PTGS2"	"1"	186671791	186680423	0.516	0.502	0.667	0.983	1.049	1.07	1.283
"PLA2G4A"	"PLA2G4A"	"1"	186828949	186988981	6.721	7.244	8.915	18.289	10.866	12.95	14.658
"RGS2"	"RGS2"	"1"	192809039	192812275	3.396	2.36	2.509	7.429	6.427	5.344	4.291
"ASPM"	"ASPM"	"1"	197084127	197146669	36.374	39.775	36.124	58.249	68.962	58.719	54.038
"KIF14"	"KIF14"	"1"	200551497	200620791	16.692	16.612	16.161	23.622	27.024	24.94	22.768
"INAVA"	"INAVA"	"1"	200891531	200915742	1.418	1.281	1.397	0.748	0.744	0.813	0.688
"CSRP1"	"CSRP1"	"1"	201483530	201507123	289.24	292.462	293.734	208.315	255.374	223.96	243.328
"RNPEP"	"RNPEP"	"1"	201982648	202006143	84.802	85.035	85.912	71.372	66.522	72.833	69.784
"UBE2T"	"UBE2T"	"1"	202331657	202341936	95.973	96.661	104.385	147.927	141.065	122.027	122.897
"NUAK2"	"NUAK2"	"1"	205302059	205321745	7.722	8.673	8.229	5.367	5.089	5.846	5.226
"CDK18"	"CDK18"	"1"	205504593	205532793	4.852	4.028	4.257	1.719	1.716	1.792	1.04
"IL24"	"IL24"	"1"	206897404	206904139	0.159	0.175	0.279	0	0	0	0.034
"FCMR"	"FCMR"	"1"	206903282	206922001	0.814	0.925	0.953	0.328	0.429	0.503	0.496
"LAMB3"	"LAMB3"	"1"	209614870	209652467	9.321	8.985	10.012	15.42	19.502	23.162	23.629
"IRF6"	"IRF6"	"1"	209785617	209806142	0.341	0.316	0.42	0.16	0.081	0.031	0.062
"NEK2"	"NEK2"	"1"	211658256	211675621	31.096	31.294	33.225	46.255	50.762	43.836	42.222
"PACC1"	"PACC1"	"1"	212363928	212414886	6.377	7.116	7.665	8.497	9.763	9.903	10.032
"CENPF"	"CENPF"	"1"	214603195	214664571	54.66	58.326	52.181	78.594	94.084	84.196	83.466
"KCNK2"	"KCNK2"	"1"	215002920	215237093	16.708	13.876	14.157	9.276	10.667	9.393	9.186
"DISP1"	"DISP1"	"1"	222814514	223005995	4.104	4.398	4.163	5.437	5.023	5.078	5.154
"CDC42BPA"	"CDC42BPA"	"1"	226989858	227318502	15.841	15.348	14.988	18.53	18.151	18.252	17.554
"CCSAP"	"CCSAP"	"1"	229321015	229343795	5.625	6.208	5.428	7.611	8.07	7.789	7.8
"C1orf198"	"C1orf198"	"1"	230837119	230869591	77.683	77.502	75.218	39.681	41.376	32.106	38.599
"KCNK1"	"KCNK1"	"1"	233614106	233672514	0.088	0.051	0.068	0	0	0	0
"SLC35F3"	"SLC35F3"	"1"	233904676	234324511	2.456	2.323	2.121	1.39	1.415	1.599	1.653
"RPL35P1"	"RPL35P1"	"1"	236981309	236981743	107.636	107.257	123.319	89.783	91.379	85.689	92.138
"ZNF731P"	"ZNF731P"	"1"	247190342	247191017	3.802	3.556	3.891	5.185	5.277	5.38	4.686
"PXDN"	"PXDN"	"2"	1631887	1744852	322.46	317.366	298.117	266.012	240.049	240.888	244.961
"RRM2"	"RRM2"	"2"	10122568	10211010	187.79	195.958	200.696	240.649	250.209	229.863	255.191
"LPIN1"	"LPIN1"	"2"	11677544	11827409	22.921	22.302	23.504	14.411	14.977	17.353	16.219
"CYRIA"	"CYRIA"	"2"	16549459	16665834	8.915	9.232	9.544	5.316	6.362	4.244	5.145
"MATN3"	"MATN3"	"2"	19992052	20012668	5.277	5.308	6.209	3.329	3.474	3.145	4.067
"LOC100421404"	"LOC100421404"	"2"	20291539	20292262	0.887	0.586	0.908	1.383	1.408	1.545	1.237
"CENPO"	"CENPO"	"2"	24793339	24822376	37.266	35.724	39.243	51.402	54.113	48.577	43.746
"KIF3C"	"KIF3C"	"2"	25926598	25982740	25.021	24.619	24.424	19.621	19.318	20.611	19.371
"HADHA"	"HADHA"	"2"	26190635	26244632	146.733	145.78	145.373	126.996	120.447	122.806	130.525
"CENPA"	"CENPA"	"2"	26786056	26794589	40.821	40.817	34.63	63.24	54.72	53.117	49.381
"KHK"	"KHK"	"2"	27086760	27100762	2.137	2.452	1.995	1.198	1.502	1.38	1.339
"CGREF1"	"CGREF1"	"2"	27099353	27119128	5.981	7.858	6.057	2.518	1.538	3.343	2.475
"BABAM2"	"BABAM2"	"2"	27888709	28338901	31.37	32.379	31.057	26.913	19.824	20.533	18.003
"FOSL2"	"FOSL2"	"2"	28392855	28417317	52.051	54.208	54.388	37.87	46.149	42.945	41.804
"LBH"	"LBH"	"2"	30231534	30260028	207.863	196.308	186.791	70.11	79.245	91.89	98.22
"LINC01317"	"LINC01317"	"2"	33706886	34297746	2.185	2.381	1.46	0.463	0	0.634	0.535
"CDC42EP3"	"CDC42EP3"	"2"	37641944	37672949	116.941	114.685	114.293	73.231	85.216	87.065	93.216
"LOC107985869"	"LOC107985869"	"2"	37743286	37788848	0.895	0.771	0.978	0.053	0.18	0.243	0.546
"ATL2"	"ATL2"	"2"	38293954	38378584	12.784	13.028	13.225	17.885	16.442	15.932	17.072
"RPLP0P6"	"RPLP0P6"	"2"	38481775	38482875	1379.451	1415.257	1539.073	1255.588	1211.454	1237.716	1179.476
"GALM"	"GALM"	"2"	38665922	38734765	9.607	9.479	10.665	7.63	6.878	7.566	5.667
"GEMIN6"	"GEMIN6"	"2"	38778210	38785002	8.389	8.071	9.737	11.68	12.497	11.344	10.483
"ZFP36L2"	"ZFP36L2"	"2"	43222402	43226606	61.522	67.725	57.645	41.508	38.284	39.256	38.974
"CALM2"	"CALM2"	"2"	47160082	47176936	320.072	310.769	318.897	356.858	350.936	341.63	354.84
"PSME4"	"PSME4"	"2"	53864069	53970993	42.227	40.797	40.067	47.704	45.057	49.185	49.507
"CCDC88A"	"CCDC88A"	"2"	55287842	55419856	22.469	22.286	19.924	24.655	28.371	28.932	29.683
"BTF3P5"	"BTF3P5"	"2"	55434896	55435719	32.066	28.483	29.415	25.956	23.06	23.339	23.15
"VRK2"	"VRK2"	"2"	57907592	58163993	9.978	9.801	9.762	11.497	11.849	10.905	11.599
"FANCL"	"FANCL"	"2"	58159243	58241681	11.014	10.198	10.555	14.69	13.691	12.89	14.072
"EIF3FP3"	"EIF3FP3"	"2"	58251429	58252674	148.764	142.462	148.008	113.381	118.143	116.238	110.981
"SANBR"	"SANBR"	"2"	61065871	61138032	4.888	4.826	5.09	6.472	7.297	6.542	6.965
"XPO1"	"XPO1"	"2"	61477849	61538522	107.409	108.579	110.362	118.033	134.26	129.022	125.115
"MEIS1"	"MEIS1"	"2"	66435125	66573869	4.978	4.691	4.403	3.869	3.651	3.538	3.71
"AAK1"	"AAK1"	"2"	69457997	69643739	6.704	6.933	6.705	8.834	8.689	8.379	7.698
"DYSF"	"DYSF"	"2"	71453154	71686763	54.852	56.442	52.791	31.723	31.116	32.437	34.251
"ALMS1"	"ALMS1"	"2"	73385758	73609919	4.822	5.273	5.27	6.032	6.641	6.677	6.799
"MTHFD2"	"MTHFD2"	"2"	74198591	74217565	52.855	52.679	55.33	61.192	61.685	60.135	65.533
"DCTN1"	"DCTN1"	"2"	74361155	74391866	129.462	129.932	134.718	100.691	110.619	107.124	109.575
"LOC105374811"	"LOC105374811"	"2"	75154318	75279807	0.515	0.253	0.425	1.213	0.947	0.949	1.051
"LDHAP7"	"LDHAP7"	"2"	84775989	84778319	23.015	22.958	20.353	18.289	14.117	15.241	16.131
"TMSB10"	"TMSB10"	"2"	84905656	84906671	6402.465	6421.03	6916.199	5311.583	5674.632	5780.367	5874.81
"RPS2P17"	"RPS2P17"	"2"	84915763	84916702	72.024	71.895	68.761	53.42	48.328	49.846	54.873
"TGOLN2"	"TGOLN2"	"2"	85318027	85327989	118.114	117.172	116.788	143.424	141.099	140.382	136.21
"VAMP5"	"VAMP5"	"2"	85584431	85593406	85.301	84.509	92.808	46.17	67.839	61.775	55.927
"TMEM150A"	"TMEM150A"	"2"	85598547	85602698	4.884	3.876	4.887	2.992	2.457	2.827	2.953
"THNSL2"	"THNSL2"	"2"	88170346	88186631	0.096	0.141	0.056	0	0	0	0
"PROM2"	"PROM2"	"2"	95274449	95291320	2.38	2.306	2.429	1.551	1.376	1.627	1.274
"KCNIP3"	"KCNIP3"	"2"	95297347	95386077	16.081	14.893	16.936	9.357	10.174	9.711	8.885
"FAHD2A"	"FAHD2A"	"2"	95402672	95416702	6.616	5.915	6.225	4.682	4.706	5.186	4.985
"NCAPH"	"NCAPH"	"2"	96335766	96377091	23.696	24.133	24.47	33.475	34.106	31.709	29.527
"COX5B"	"COX5B"	"2"	97646062	97648383	201.943	201.422	210.632	181.937	164.28	176.152	160.587
"ACTR1B"	"ACTR1B"	"2"	97655939	97664044	49.037	51.74	52.355	43.277	43.004	42.867	41.555
"MAP4K4"	"MAP4K4"	"2"	101697707	101894690	68.405	67.848	66.423	76.598	75.634	76.601	74.844
"FHL2"	"FHL2"	"2"	105357712	105438529	134.736	133.028	139.268	112.613	107.448	102.859	111.851
"ST6GAL2"	"ST6GAL2"	"2"	106801600	106887410	2.469	2.045	2.31	0.921	1.235	1.416	1.4
"RPL10P5"	"RPL10P5"	"2"	108712174	108712941	0.105	0.184	0.122	0	0	0	0
"BUB1"	"BUB1"	"2"	110637528	110678063	68.591	69.856	66.946	91.675	107.394	98.161	89.618
"TTL"	"TTL"	"2"	112482127	112541739	16.674	17.345	17.582	19.798	19.64	20.947	19.968
"CHCHD5"	"CHCHD5"	"2"	112584447	112589040	8.436	8.125	9.666	6.374	5.767	5.509	5.959
"CKAP2L"	"CKAP2L"	"2"	112736349	112764617	42.269	42.75	43.826	62.126	63.554	57.665	61.762
"IL1RN"	"IL1RN"	"2"	113099365	113134016	1.94	1.565	2.345	1.181	1.055	1.042	0.915
"STEAP3"	"STEAP3"	"2"	119222476	119265652	65.567	64.616	67.295	46.279	43.935	48.344	49.343
"TMEM185B"	"TMEM185B"	"2"	120217479	120223400	23.679	23.683	23.891	26.501	28.201	27.917	26.456
"GYPC"	"GYPC"	"2"	126656158	126696668	0.154	0.17	0.271	0	0	0.034	0.033
"BIN1"	"BIN1"	"2"	127048023	127107154	36.556	37.607	34.919	28.482	27.897	29.68	32.857
"POLR2D"	"POLR2D"	"2"	127843553	127858155	29.061	30.14	29.407	32.713	33.482	33.523	33.503
"AMMECR1L"	"AMMECR1L"	"2"	127861630	127887575	12.589	12.572	12.194	14.519	14.361	14.132	14.3
"FAM168B"	"FAM168B"	"2"	131047876	131093468	68.593	70.077	70.748	78.689	79.432	78.041	77.898
"DARS1"	"DARS1"	"2"	135905881	135985684	66.244	66.057	64.189	52.249	52.14	56.044	55.45
"HNMT"	"HNMT"	"2"	137964068	138016364	0.477	0.448	0.409	0.014	0.072	0.055	0
"AHCTF1P1"	"AHCTF1P1"	"2"	161499067	161507902	5.608	5.648	5.603	6.395	7.003	7.186	7.303
"COBLL1"	"COBLL1"	"2"	164657931	164842076	4.844	4.976	4.964	6.215	6.381	6.371	6.095
"BBS5"	"BBS5"	"2"	169479494	169506655	6.254	6.064	5.888	7.835	7.836	8.191	8.393
"LNPK"	"LNPK"	"2"	175923862	176002901	13.078	12.003	11.686	15.211	15.102	14.555	14.588
"MIR4444-1"	"MIR4444-1"	"2"	177212726	177212799	8.682	9.553	7.617	15.466	10.822	15.121	13.029
"OSBPL6"	"OSBPL6"	"2"	178194465	178402893	2.062	1.982	1.863	2.622	2.804	2.802	3.039
"SESTD1"	"SESTD1"	"2"	179101678	179264832	7.481	6.989	6.717	9.165	8.602	8.555	8.193
"FTH1P20"	"FTH1P20"	"2"	180872705	180873565	147.192	133.01	149.922	102.851	105.525	111.033	113.497
"SGO2"	"SGO2"	"2"	200510198	200584096	19.217	20.545	18.801	30.803	31.878	27.872	28.614
"CLK1"	"CLK1"	"2"	200853009	200864658	11.176	9.723	10.489	13.099	15.687	15.824	13.223
"NIF3L1"	"NIF3L1"	"2"	200889327	200903932	19.354	19.239	17.901	23.827	23.485	22.266	20.961
"NBEAL1"	"NBEAL1"	"2"	203013784	203225194	17.34	17.659	16.379	14.576	13.683	14	15.082
"RPL12P16"	"RPL12P16"	"2"	203190692	203191319	405.907	417.174	390.747	336.354	309.758	314.478	344.878
"ADAM23"	"ADAM23"	"2"	206443532	206621127	15.875	16.207	15.134	18.392	21.28	19.679	20.515
"FN1"	"FN1"	"2"	215360865	215436068	3723.556	3967.746	3715.027	7208.278	6355.359	6308.35	5348.999
"TNS1"	"TNS1"	"2"	217799789	218002995	36.301	37.176	35.888	18.877	21.887	26.029	27.806
"PNKD"	"PNKD"	"2"	218270485	218346793	11.904	11.92	12.162	10.174	10.395	10.308	9.496
"DNAJB2"	"DNAJB2"	"2"	219279366	219286895	36.313	33.528	33.701	29.758	25.76	27.523	29.075
"TMEM198"	"TMEM198"	"2"	219543663	219550595	2.978	2.566	2.494	1.508	1.449	1.638	1.236
"OBSL1"	"OBSL1"	"2"	219549408	219571573	30.269	32.544	29.959	22.403	22.174	21.947	20.286
"ARMC9"	"ARMC9"	"2"	231198631	231376848	20.425	19.15	19.713	16.061	12.789	13.494	13.059
"B3GNT7"	"B3GNT7"	"2"	231395710	231401164	1.059	0.758	1.11	0.354	0.14	0.173	0.114
"SH3BP4"	"SH3BP4"	"2"	234952017	235055714	98.064	102.797	106.583	81.23	80.198	88.79	90.36
"PER2"	"PER2"	"2"	238244038	238290102	1.711	1.694	1.723	3.026	2.735	3.227	2.648
"RNPEPL1"	"RNPEPL1"	"2"	240568484	240581372	24.577	27.327	25.7	20.624	21.647	22.809	20.441
"THUMPD3-AS1"	"THUMPD3-AS1"	"3"	9385264	9397494	5.155	4.642	4.748	6.201	7.116	7.171	7.24
"MTMR14"	"MTMR14"	"3"	9649465	9702393	23.496	22.156	22.622	20.256	17.606	19.269	18.903
"IL17RC"	"IL17RC"	"3"	9917098	9933627	15.429	16.89	17.024	12.283	9.786	10.704	10.274
"EMC3-AS1"	"EMC3-AS1"	"3"	9986893	10007004	2.446	2.439	2.641	3.625	4.155	4.602	3.681
"FANCD2"	"FANCD2"	"3"	10026437	10101932	11.694	12.667	12.015	18.272	20.022	18.89	16.964
"TATDN2"	"TATDN2"	"3"	10248459	10281218	30.485	32.232	29.724	36.338	37.485	38.232	36.518
"HRH1"	"HRH1"	"3"	11137238	11263557	5.27	4.935	5.584	7.233	7.826	7.518	7.156
"NUP210"	"NUP210"	"3"	13316235	13420322	15.854	16.949	16.6	4.885	8.211	5.722	5.66
"HDAC11"	"HDAC11"	"3"	13480306	13506416	7.739	7.03	7.249	5.053	4.893	5.804	5.432
"FGD5-AS1"	"FGD5-AS1"	"3"	14942779	14948441	70.17	71.241	68.781	91.296	91.074	91.605	84.482
"SGO1"	"SGO1"	"3"	20160593	20188143	6.362	6.428	6.245	9.078	10.368	8.707	9.108
"RPL15"	"RPL15"	"3"	23916545	23924631	188.282	182.757	187.384	161.487	158.784	157.123	162.644
"GPD1L"	"GPD1L"	"3"	32106620	32168715	10.361	10.551	10.172	7.89	7.44	7.218	7.7
"STAC"	"STAC"	"3"	36380343	36548007	29.331	28.975	30.731	21.914	22.591	24.732	25.585
"PLCD1"	"PLCD1"	"3"	38007496	38029642	6.376	5.657	5.668	3.339	2.497	3.376	2.231
"MYD88"	"MYD88"	"3"	38138661	38143022	14.728	15.069	16.469	12.986	12.441	13.005	12.68
"SCN5A"	"SCN5A"	"3"	38548061	38649687	2.499	2.733	2.607	0.523	1.53	0.601	0.888
"CSRNP1"	"CSRNP1"	"3"	39141855	39154641	14.874	15.227	15.304	11.653	11.345	12.781	12.38
"SEC22C"	"SEC22C"	"3"	42547969	42603127	14.533	14.337	15.229	17.698	17.308	17.793	16.954
"NCKIPSD"	"NCKIPSD"	"3"	48673844	48685915	25.062	24.862	26.193	19.27	19.955	21.401	19.431
"NDUFAF3"	"NDUFAF3"	"3"	49020452	49023495	74.583	74.966	73.268	60.062	63.109	66.085	60.679
"QARS1"	"QARS1"	"3"	49095932	49104758	142.791	144.299	142.071	121.398	128.281	128.706	118.758
"GPX1"	"GPX1"	"3"	49357176	49358353	258.116	261.705	277.693	185.324	210.187	218.29	210.924
"SEMA3F-AS1"	"SEMA3F-AS1"	"3"	50116022	50156085	0.321	0.205	0.341	0	0.053	0	0.05
"SEMA3F"	"SEMA3F"	"3"	50155058	50189075	56.332	57.444	58.734	22.111	34.753	39.907	35.383
"SEMA3B"	"SEMA3B"	"3"	50267652	50277546	14.633	15.247	14.216	8.389	8.913	11.382	8.076
"MANF"	"MANF"	"3"	51385291	51389397	212.928	209.199	218.072	175.01	166.108	167.871	184.248
"ABHD14B"	"ABHD14B"	"3"	51968510	51974630	23.596	21.727	25.096	16.819	16.52	16.443	15.542
"ABHD14A-ACY1"	"ABHD14A-ACY1"	"3"	51975064	51989197	36.263	39.004	39.759	30.856	32.476	30.853	29.932
"ACY1"	"ACY1"	"3"	51983535	51989197	42.697	47.576	47.238	36.721	38.142	36.295	35.789
"TKT"	"TKT"	"3"	53224712	53256052	484.776	487.666	480.646	442.828	394.163	425.971	393.853
"ARF4"	"ARF4"	"3"	57571363	57597344	498.426	478.856	493.868	453.386	425.912	422.844	438.437
"FAM107A"	"FAM107A"	"3"	58564117	58627610	2.438	3.022	3.113	0.38	1.031	0.478	0.575
"PTPRG"	"PTPRG"	"3"	61561571	62297609	4.675	4.829	4.44	7.517	6.901	6.296	5.929
"RPL10AP6"	"RPL10AP6"	"3"	61742425	61743137	234.965	233.691	255.488	217.1	206.256	209.997	200.899
"SUCLG2"	"SUCLG2"	"3"	67360460	67654612	21.406	20.165	19.21	15.693	14.405	14.772	17.677
"MITF"	"MITF"	"3"	69739464	69968332	22.31	22.211	21.392	16.583	17.943	15.357	17.345
"VGLL3"	"VGLL3"	"3"	86937973	86991149	29.951	30.587	27.512	11.581	16.625	16.332	19.716
"CLDND1"	"CLDND1"	"3"	98515483	98522902	25.233	26.928	25.074	30.54	32.558	32.338	28.558
"LOC105374003"	"LOC105374003"	"3"	98980928	98998402	17.816	19.39	19.953	23.003	31.675	29.705	25.995
"FILIP1L"	"FILIP1L"	"3"	99828811	100114501	13.306	12.638	10.292	7.006	4.194	6.589	8.006
"DUBR"	"DUBR"	"3"	107240692	107326964	5.062	5.231	5.219	7.966	7.273	6.69	6.331
"CIP2A"	"CIP2A"	"3"	108545752	108589456	16.567	16.742	17.485	23.109	25.947	23.159	23.196
"QTRT2"	"QTRT2"	"3"	114056737	114088422	12.829	12.778	12.921	14.518	15.593	15.112	16.065
"IQCB1"	"IQCB1"	"3"	121769761	121835060	4.987	5.065	5.193	6.711	7.725	6.442	6.955
"FAM162A"	"FAM162A"	"3"	122384182	122412334	19.71	17.997	16.345	15.07	11.45	12.442	13.065
"MYLK"	"MYLK"	"3"	123610049	123884332	163.433	156.542	155.302	115.231	97.188	108.923	107.346
"HEG1"	"HEG1"	"3"	124965710	125055997	87.063	81.271	78.018	68.17	64.196	64.115	56.561
"PLXNA1"	"PLXNA1"	"3"	126983115	127037389	19.084	19.167	21.456	27.901	26.575	28.63	25.049
"ABTB1"	"ABTB1"	"3"	127672928	127680926	5.925	5.114	5.333	4.112	3.993	3.065	3.068
"ATP2C1"	"ATP2C1"	"3"	130850595	131016712	51.317	48.945	47.238	73.097	58.145	60.667	62.059
"NPHP3"	"NPHP3"	"3"	132680609	132722409	5.076	5.142	4.725	6.353	8.073	7.48	6.516
"TOPBP1"	"TOPBP1"	"3"	133600238	133661968	29.93	28.885	29.444	35.049	35.571	35.873	35.147
"EPHB1"	"EPHB1"	"3"	134795260	135260467	0.223	0.514	0.261	0.765	1.199	1.362	1.414
"PCCB"	"PCCB"	"3"	136250340	136330169	53.514	53.309	49.867	46.01	36.102	37.982	37.509
"ATP1B3"	"ATP1B3"	"3"	141876643	141926549	164.059	164.349	165.361	218.659	203.31	192.989	198.059
"RPL8P3"	"RPL8P3"	"3"	142827061	142827728	34.145	33.441	34.878	26.021	27.137	27.22	27.835
"CPA3"	"CPA3"	"3"	148865296	148897203	2.826	2.969	2.933	0.203	1.074	0.953	1.016
"COMMD2"	"COMMD2"	"3"	149738472	149752489	26.579	24.913	23.723	31.615	28.859	30.001	29.324
"AADACP1"	"AADACP1"	"3"	151770456	151784894	0.125	0.11	0.146	2.164	1.073	0.651	0.908
"PTX3"	"PTX3"	"3"	157436850	157443633	37.001	32.194	31.914	50.535	55.568	46.845	57.9
"C3orf80"	"C3orf80"	"3"	160225422	160228213	0.058	0.127	0.067	0.307	0.287	0.301	0.493
"SMC4"	"SMC4"	"3"	160399638	160434953	110.413	111.273	106.772	137.079	155.77	143.77	139.529
"RPL23AP42"	"RPL23AP42"	"3"	161429072	161429612	1117.09	1043.527	1240.063	921.966	957.196	938.609	955.848
"GOLIM4"	"GOLIM4"	"3"	168008672	168095924	37.852	36.734	36.78	50.146	49.215	47.382	49.614
"SLC7A14"	"SLC7A14"	"3"	170459548	170586075	0.15	0.139	0.167	0.028	0.007	0.048	0.007
"ECT2"	"ECT2"	"3"	172750694	172829273	58.108	57.663	58.772	78.42	85.182	76.29	76.108
"LINC02015"	"LINC02015"	"3"	177816865	177899224	0.951	1.004	0.985	0.46	0.172	0.307	0.373
"ACTL6A"	"ACTL6A"	"3"	179562926	179588407	78.032	76.602	76.017	83.565	87.08	88.575	92.038
"USP13"	"USP13"	"3"	179653040	179789401	16.001	15.26	15.388	19.035	20.494	20.174	19.125
"RPS3P3"	"RPS3P3"	"3"	184149674	184150443	158.016	167.642	180.329	132.936	140.121	141.502	137.106
"FAM131A"	"FAM131A"	"3"	184335924	184346275	7.563	8.172	7.592	5.454	5.909	6.536	5.614
"RPL4P4"	"RPL4P4"	"3"	185417408	185418843	625.772	615.898	663.581	526.667	523.051	538.966	527.524
"NMRAL2P"	"NMRAL2P"	"3"	185959943	185980877	0.089	0.039	0.052	0.438	0.284	0.428	0.345
"ETV5"	"ETV5"	"3"	186046314	186109089	17.333	17.283	18.458	23.937	28.322	21.347	23.028
"RFC4"	"RFC4"	"3"	186789900	186806482	54.365	51.427	49.417	61.155	65.335	64.144	61.55
"XXYLT1"	"XXYLT1"	"3"	195066970	195271159	6.88	6.723	6.639	10.498	8.573	9.29	8.253
"FBXO45"	"FBXO45"	"3"	196568660	196589059	9.851	10.734	10.937	12.744	12.136	12.425	12.932
"DLG1"	"DLG1"	"3"	197042560	197299321	121.9	116.498	112.934	74.532	95.579	91.381	90.176
"TACC3"	"TACC3"	"4"	1721497	1745171	110.328	111.712	114.178	147.593	169.82	145.683	138.487
"HAUS3"	"HAUS3"	"4"	2228349	2242121	6.899	6.265	5.833	7.994	8.483	8.898	8.2
"NOP14-AS1"	"NOP14-AS1"	"4"	2935546	2951078	10.664	10.081	10.897	8.149	8.2	8.943	8.112
"WFS1"	"WFS1"	"4"	6260368	6303265	50.641	49.656	51.666	36.238	33.4	33.008	32.285
"LOC93622"	"LOC93622"	"4"	6674075	6676047	18.073	18.417	17.856	23.022	20.922	21.267	20.244
"RNA5SP155"	"RNA5SP155"	"4"	10115756	10115884	0	0	0	0.555	1.129	0.542	1.068
"HS3ST1"	"HS3ST1"	"4"	11393150	11434398	0.536	0.489	0.557	0.861	1.164	1.228	1.26
"DCAF16"	"DCAF16"	"4"	17793446	17810757	11.834	12.433	11.059	14.909	16.755	16.688	14.45
"NCAPG"	"NCAPG"	"4"	17810942	17844865	61.7	64.646	60.832	89.854	88.762	76.595	79.426
"SLIT2"	"SLIT2"	"4"	20251905	20620561	0.9	1.24	1.19	2.182	3.129	3.572	3.168
"UCHL1"	"UCHL1"	"4"	41256928	41268455	868.066	840.616	885.468	796.695	735.812	751.707	777.316
"LIMCH1"	"LIMCH1"	"4"	41359607	41700044	33.788	32.531	30.888	22.928	24.329	20.589	22.205
"GABRB1"	"GABRB1"	"4"	46993560	47438409	1.242	1.31	1.27	4.003	2.708	3.633	2.699
"SNORA26"	"SNORA26"	"4"	52713249	52713370	0	0	0	0.586	1.79	1.146	1.693
"TMEM165"	"TMEM165"	"4"	55395653	55453397	33.686	32.927	31.016	38.103	36.722	36.755	37.055
"NMU"	"NMU"	"4"	55595231	55636793	10.715	9.207	9.132	5.226	7.03	5.643	4.944
"CEP135"	"CEP135"	"4"	55948808	56033361	6.514	6.585	6.637	7.698	8.445	8.332	8.841
"GLDCP1"	"GLDCP1"	"4"	56592444	56596265	0.231	0.24	0.197	0	0.038	0.091	0.018
"HOPX"	"HOPX"	"4"	56647992	56681866	0.382	0.369	0.513	0.051	0.035	0.116	0.065
"POLR2B"	"POLR2B"	"4"	56978896	57031158	84.649	82.608	83.492	92.468	91.026	93.509	95.418
"DCK"	"DCK"	"4"	70993649	71030914	43.393	44.542	44.874	57.116	54.732	52.408	52.68
"SLC4A4"	"SLC4A4"	"4"	71062646	71572083	4.98	5.174	4.549	3.007	3.918	3.323	3.117
"CCNI"	"CCNI"	"4"	77047155	77075989	235.888	231.566	232.486	209.476	194.746	212.083	200.046
"ANTXR2"	"ANTXR2"	"4"	79901146	80073472	26.237	25.935	26.29	53.099	50.566	49.891	48.623
"PRDM8"	"PRDM8"	"4"	80183418	80204329	8.162	9.093	8.595	11.779	17.106	14.392	11.677
"LIN54"	"LIN54"	"4"	82924603	83012951	9.139	8.73	8.944	10.55	10.853	11.004	11.448
"HPSE"	"HPSE"	"4"	83292461	83335153	2.502	2.971	2.946	1.77	1.243	1.805	1.631
"CENPE"	"CENPE"	"4"	103105811	103198408	26.466	25.685	25.175	43.405	49.834	42.355	38.133
"EEF1A1P9"	"EEF1A1P9"	"4"	105484626	105486376	49.169	47.357	46.839	36.725	31.641	33.868	36.222
"GSTCD"	"GSTCD"	"4"	105708778	105847726	9.516	10.276	10.782	12.262	12.811	12.364	11.919
"CYP2U1"	"CYP2U1"	"4"	107931549	107953461	19.004	18.237	18.762	14.834	15.943	14.648	15.895
"MCUB"	"MCUB"	"4"	109560246	109688719	26.656	25.273	25.754	31.203	29.132	30.235	31.162
"ZGRF1"	"ZGRF1"	"4"	112539339	112636995	3.061	3.037	2.578	4.203	4.106	4.468	4.648
"USP53"	"USP53"	"4"	119212623	119295518	8.015	8.05	7.423	6.356	5.534	6.09	6.421
"MAD2L1"	"MAD2L1"	"4"	120055623	120066848	30.176	30.646	29.494	40.89	43.191	36.311	40.5
"CCNA2"	"CCNA2"	"4"	121816444	121823883	134.759	136.934	147.416	197.464	203.677	189.162	179.507
"PLK4"	"PLK4"	"4"	127880893	127899224	18.946	19.383	19.766	24.706	26.041	24.479	26.885
"PGRMC2"	"PGRMC2"	"4"	128269242	128288205	120.396	117.638	110.312	102.788	91.869	87.438	96.461
"SCLT1"	"SCLT1"	"4"	128874390	129093580	4.582	4.625	4.648	6.626	7.471	6.358	6.79
"SLC7A11"	"SLC7A11"	"4"	138164097	138242349	15.107	15.974	14.833	44.307	38.645	34.624	40.492
"ZNF330"	"ZNF330"	"4"	141220294	141234697	36.993	32.687	33.962	23.738	24.804	23.146	26.267
"INPP4B"	"INPP4B"	"4"	142023160	142846535	14.392	13.157	13.61	10.431	9.93	10.344	10.549
"GATB"	"GATB"	"4"	151670504	151761007	23.832	23.126	26.173	20.804	17.486	19.749	19.709
"MIR4453"	"MIR4453"	"4"	152536428	152536516	0	0	0	0.804	0.818	2.357	1.548
"FHDC1"	"FHDC1"	"4"	152935445	152979671	2.909	2.685	2.753	0.825	0.761	1.091	0.85
"MND1"	"MND1"	"4"	153344649	153415118	14.039	14.218	15.834	22.006	20.573	19.061	19.676
"C4orf46"	"C4orf46"	"4"	158666675	158672056	34.928	37.162	34.908	54.869	53.104	46.827	47.599
"FNIP2"	"FNIP2"	"4"	158769026	158908050	12.148	12.059	12.066	10.035	9.993	10.295	9.563
"ANXA10"	"ANXA10"	"4"	168092525	168187736	1.539	1.775	1.925	13.663	3.561	7.95	8.193
"CENPU"	"CENPU"	"4"	184694085	184734096	74.484	77.024	76.585	94.509	98.996	85.316	87.839
"SLC9A3"	"SLC9A3"	"5"	470456	524449	5.942	6.223	6.376	8.499	8.257	8.636	7.265
"PP7080"	"PP7080"	"5"	470510	472965	12.671	14.033	14.93	19.576	18.963	19.339	17.305
"TRIP13"	"TRIP13"	"5"	892884	919348	44.543	49.119	50.012	59.332	69.332	67.141	64.987
"SLC12A7"	"SLC12A7"	"5"	1050384	1155887	0.082	0.072	0.055	0	0	0.02	0
"TENT4A"	"TENT4A"	"5"	6713432	6757045	10.762	10.913	11.007	12.319	12.401	12.413	12.604
"FTH1P10"	"FTH1P10"	"5"	17353713	17354631	75.593	75.461	77.999	61.879	63.613	62.78	62.496
"CDH6"	"CDH6"	"5"	31193686	31329146	28.582	27.62	26.195	42.625	34.995	40.606	44.66
"ADAMTS12"	"ADAMTS12"	"5"	33523535	33892180	70.717	69.577	65.256	82.182	75.421	83.157	83.756
"NIPBL-DT"	"NIPBL-DT"	"5"	36871361	36876694	4.427	4.069	3.769	5.927	5.146	5.244	5.255
"RPL37"	"RPL37"	"5"	40825262	40835222	120.621	116.937	122.839	103.56	102.44	99.373	109.232
"NNT"	"NNT"	"5"	43601092	43707396	27.552	28.387	27.399	25.045	24.327	24.694	24.43
"ITGA2"	"ITGA2"	"5"	52989352	53094779	11.48	10.85	10.748	21.575	19.863	23.693	29.629
"LOC102467080"	"LOC102467080"	"5"	54660158	54744258	1.641	1.95	2.015	1.096	0.744	0.571	1.055
"GPX8"	"GPX8"	"5"	55160155	55167297	82.004	79.458	80.343	98.388	88.702	91.977	91.105
"DHX29"	"DHX29"	"5"	55256055	55307694	30.792	30.348	30.879	37.055	35.491	36.07	37.185
"DEPDC1B"	"DEPDC1B"	"5"	60596912	60700166	8.451	9.376	8.869	14.352	13.376	12.671	12.454
"CKS1BP3"	"CKS1BP3"	"5"	62511771	62512482	11.505	10.723	13.063	15.672	18.507	18.76	15.766
"ADAMTS6"	"ADAMTS6"	"5"	65148736	65482663	2.725	3.058	3.356	3.826	4.588	4.658	4.416
"CENPK"	"CENPK"	"5"	65488919	65563194	6.941	6.773	6.611	12.522	12.932	11.658	11.644
"ERBIN"	"ERBIN"	"5"	65926575	66082546	48.018	47.015	45.307	37.811	38.369	35.66	41.244
"CENPH"	"CENPH"	"5"	69189583	69210357	51.781	49.86	49.61	69.523	63.07	62.238	59.66
"BTF3"	"BTF3"	"5"	73498442	73505667	651.872	635.344	644.228	582.392	544.477	547.521	593.185
"ENC1"	"ENC1"	"5"	74627409	74640728	98.038	97.077	96.581	133.432	120.43	127.129	117.492
"LHFPL2"	"LHFPL2"	"5"	78485224	78770256	15.632	15.565	15.577	18.952	19.354	20.484	19.649
"MTX3"	"MTX3"	"5"	79976716	79991262	5.063	4.831	5.248	6.999	6.591	7.063	6.634
"CKMT2-AS1"	"CKMT2-AS1"	"5"	81237565	81301569	1.846	2.231	1.901	2.822	2.872	3.119	2.551
"VCAN"	"VCAN"	"5"	83471744	83582302	206.982	204.466	177.536	344.246	257.783	299.284	271.598
"LOC105379083"	"LOC105379083"	"5"	93135811	93162556	3.633	4.04	4.25	1.703	1.56	1.998	1.476
"ARSK"	"ARSK"	"5"	95555101	95605102	8.205	7.429	8.306	11.999	14.3	10.871	10.604
"ELL2"	"ELL2"	"5"	95885098	95961962	47.12	45.743	44.832	39.282	35.835	36.349	35.586
"PPIP5K2"	"PPIP5K2"	"5"	103120273	103212799	8.288	8.365	7.661	9.859	10.029	10.408	9.695
"CAMK4"	"CAMK4"	"5"	111223583	111498503	3.577	3.737	3.904	6.031	4.88	5.141	5.268
"STARD4"	"STARD4"	"5"	111491422	111512567	5.711	5.41	4.818	3.062	3.324	3.662	3.817
"FEM1C"	"FEM1C"	"5"	115520908	115544775	9.981	10.609	10.406	12.242	11.693	12.03	12.692
"LOX"	"LOX"	"5"	122063195	122078259	242.36	245.795	225.558	391.826	389.062	366.762	370.716
"GRAMD2B"	"GRAMD2B"	"5"	126360120	126494377	12.9	11.719	11.213	9.899	9.194	7.725	8.072
"LMNB1"	"LMNB1"	"5"	126776623	126837020	107.79	109.481	111.031	128.698	130.965	130.706	130.906
"LYRM7"	"LYRM7"	"5"	131170944	131205428	6.431	5.752	5.816	8.396	7.457	7.219	7.918
"PCBD2"	"PCBD2"	"5"	134905131	134962644	7.573	6.845	8.263	10.193	11.698	10.261	9.202
"FAM13B"	"FAM13B"	"5"	137937960	138051961	15.552	14.563	14.663	19.182	20.617	18.523	17.755
"KIF20A"	"KIF20A"	"5"	138179112	138187723	137.633	142.435	146.703	171.119	215.161	204.084	170.351
"CDC25C"	"CDC25C"	"5"	138285265	138338355	11.562	13.341	12.575	17.507	19.461	18.613	15.729
"REEP2"	"REEP2"	"5"	138439057	138446965	13.325	13.555	13.33	11.284	8.151	9.384	9.365
"EGR1"	"EGR1"	"5"	138465479	138469303	52.918	55.571	50.373	23.372	21.444	29.07	30.536
"PAIP2"	"PAIP2"	"5"	139341850	139369717	50.703	48.72	44.825	37.178	36.981	36.711	36.032
"PCDHA1"	"PCDHA1"	"5"	140786136	141012347	0.761	0.834	0.924	3.158	1.457	2.912	1.957
"PCDHA2"	"PCDHA2"	"5"	140794852	141012347	0.703	0.77	0.853	2.905	1.346	2.69	1.819
"PCDHA6"	"PCDHA6"	"5"	140827960	141012347	1.65	1.821	1.945	5.726	2.932	5.963	4.199
"PCDHA7"	"PCDHA7"	"5"	140834269	141012347	1.015	1.126	1.171	3.655	1.841	3.573	2.433
"PCDHA8"	"PCDHA8"	"5"	140841187	141012347	0.776	0.851	0.942	3.221	1.566	3.098	2.021
"PCDHA12"	"PCDHA12"	"5"	140875308	141012347	0.796	0.882	0.965	3.254	1.496	2.989	2.009
"PCDHA13"	"PCDHA13"	"5"	140882124	141012347	0.782	0.87	0.95	3.234	1.499	2.995	2.012
"PCDHAC1"	"PCDHAC1"	"5"	140926299	141012347	0.7	0.767	0.849	2.893	1.34	2.69	1.8
"PCDHAC2"	"PCDHAC2"	"5"	140966476	141012347	0.732	0.802	0.921	3.026	1.402	2.802	1.883
"PCDHACT"	"PCDHACT"	"5"	140978949	141012344	1.485	1.628	1.803	6.14	2.845	5.685	3.821
"SLC26A2"	"SLC26A2"	"5"	149960758	149987400	54.854	51.681	47.708	33.652	34.476	37.19	43.907
"RPL7P1"	"RPL7P1"	"5"	150094285	150095114	220.712	218.976	227.849	201.837	191.479	184.692	188.178
"PDGFRB"	"PDGFRB"	"5"	150113839	150155845	43.94	39.995	39.097	29.272	19.327	18.527	15.304
"NDST1"	"NDST1"	"5"	150497779	150558211	122.345	122.721	122.021	82.68	91.951	100.336	102.393
"SYNPO"	"SYNPO"	"5"	150586026	150659214	18.43	17.972	17.783	11.951	10.491	13.106	11.739
"TNIP1"	"TNIP1"	"5"	151029943	151087685	38.43	39.351	38.232	28.577	24.843	27.113	28.162
"SPARC"	"SPARC"	"5"	151661096	151686915	1049.033	979.305	969.904	2353.653	1661.163	1643.551	1383.324
"KIF4B"	"KIF4B"	"5"	155013755	155018141	2.618	2.772	2.891	3.522	4.282	4.097	4.176
"CYFIP2"	"CYFIP2"	"5"	157266091	157395594	2.929	3.018	3.258	1.285	1.65	1.449	1.009
"ADAM19"	"ADAM19"	"5"	157477304	157575775	89.826	88.226	87.463	114.013	106.641	143.326	144.32
"LSM11"	"LSM11"	"5"	157743712	157760709	4.439	4.564	4.792	7.516	6.153	6.187	6.638
"C1QTNF2"	"C1QTNF2"	"5"	160347558	160370656	3.797	4.141	4.111	4.897	7.142	6.49	6.61
"CCNG1"	"CCNG1"	"5"	163437571	163448199	59.972	57.115	53.864	47.237	45.723	48.064	47.779
"HMMR"	"HMMR"	"5"	163460632	163491941	50.514	47.722	46.506	73.309	72.102	63.743	62.084
"WWC1"	"WWC1"	"5"	168291645	168472303	14.041	13.648	14.359	7.813	9.617	9.054	9.383
"RPL10P9"	"RPL10P9"	"5"	168616311	168617055	155.772	145.939	168.726	120.21	115.995	126.162	125.992
"SPDL1"	"SPDL1"	"5"	169583661	169604778	47.147	45.793	47.025	55.366	62.928	57.823	55.445
"DUSP1"	"DUSP1"	"5"	172768096	172771195	92.52	93.835	95.72	44.809	63.616	59.581	66.847
"STC2"	"STC2"	"5"	173314723	173328414	719.596	708.002	715.334	1019.439	823.45	841.143	934.772
"PDLIM7"	"PDLIM7"	"5"	177483394	177497604	280.456	272.799	276.392	236.781	231.074	255.522	242.543
"RPL19P9"	"RPL19P9"	"5"	178055572	178056268	408.011	402.043	418.38	365.248	354.924	351.875	340.278
"TRIM7"	"TRIM7"	"5"	181193924	181218332	1.508	1.457	1.579	2.317	2.036	2.033	2.383
"RACK1"	"RACK1"	"5"	181236897	181243906	1988.631	1993.458	2111.826	1751.373	1767.691	1752.388	1746.052
"SNORD95"	"SNORD95"	"5"	181243314	181243376	0	0	0	1.135	2.311	2.22	1.093
"HTATSF1P2"	"HTATSF1P2"	"6"	3018959	3023890	7.165	6.378	6.8	9.268	10.303	10.663	8.978
"DSP"	"DSP"	"6"	7541671	7586714	58.132	64.299	56.928	80.604	73.395	71.715	83.368
"SMIM13"	"SMIM13"	"6"	11093834	11138733	11.668	11.37	11.207	14.315	13.497	12.793	13.373
"NEDD9"	"NEDD9"	"6"	11183298	11382348	7.887	7.601	7.646	3.924	4.842	3.384	5.266
"TMEM170B"	"TMEM170B"	"6"	11537749	11583524	2.177	1.892	1.891	1.352	1.277	1.282	1.247
"RPL15P3"	"RPL15P3"	"6"	12514070	12514775	673.891	676.983	731.747	611.76	613.148	597.407	575.41
"CAP2"	"CAP2"	"6"	17393595	17557780	55.134	50.318	51.229	45.584	39.973	39.521	42.544
"RNF144B"	"RNF144B"	"6"	18387329	18468870	9.838	9.01	10.077	3.567	5.878	5.121	6.051
"BTN2A1"	"BTN2A1"	"6"	26457955	26476622	17.393	17.614	16.324	24.818	24.696	22.429	21.725
"RPL10A"	"RPL10A"	"6"	35468401	35470781	874.305	900.041	891.005	806.459	750.303	741.997	797.209
"TEAD3"	"TEAD3"	"6"	35473597	35497079	36.534	34.106	39.563	26.862	30.706	29.886	29.136
"KCTD20"	"KCTD20"	"6"	36442772	36491143	87.033	82.795	78.877	51.587	54.85	52.909	62.119
"CMTR1"	"CMTR1"	"6"	37433214	37482844	27.465	27.523	28.502	22.709	23.856	24.244	22.06
"DAAM2"	"DAAM2"	"6"	39792366	39904870	7.733	7.744	7.742	4.618	5.733	5.054	3.995
"MOCS1"	"MOCS1"	"6"	39904170	39934462	7.288	7.625	8.017	5.221	5.219	6.316	5.996
"PEX6"	"PEX6"	"6"	42963865	42980224	9.371	9.425	9.441	7.759	7.671	8.408	7.44
"KLC4"	"KLC4"	"6"	43059631	43075093	8.475	7.664	7.811	6.519	5.401	5.815	5.66
"DNPH1"	"DNPH1"	"6"	43225629	43229481	46.591	43.733	43.064	32.433	32.467	22.413	29.172
"ZNF318"	"ZNF318"	"6"	43336070	43369647	10.633	10.445	10.642	13.2	13.558	13.842	11.928
"POLH"	"POLH"	"6"	43576147	43620523	8.783	9.28	9.121	13.264	13.435	11.256	11.115
"ADGRF4"	"ADGRF4"	"6"	47698580	47722014	2.285	2.441	1.802	6.472	4.166	4.874	4.623
"TRAM2"	"TRAM2"	"6"	52497405	52577060	194.081	191.812	191.954	136.424	155.346	153.203	148.496
"DST"	"DST"	"6"	56457996	56954830	16.194	15.631	15.561	18.595	22.624	20.368	19.974
"RAB23"	"RAB23"	"6"	57186992	57222307	14.451	15.378	15.658	18.264	18.31	17.462	18.996
"EEF1A1"	"EEF1A1"	"6"	73515750	73521032	811.235	797.34	765.164	640.395	575.868	608.195	637.401
"COL12A1"	"COL12A1"	"6"	75084326	75206262	69.536	73.251	67.688	88.913	113.168	109.706	95.29
"GAPDHP63"	"GAPDHP63"	"6"	79952806	79954082	80.878	79.992	89.606	60.944	67.443	66.045	63.635
"TTK"	"TTK"	"6"	80004147	80042651	32.758	34.125	35.227	50.685	50.932	45.119	42.369
"PGM3"	"PGM3"	"6"	83150728	83193900	21.803	21.516	21.146	26.256	23.67	24.547	25.12
"PM20D2"	"PM20D2"	"6"	89094818	89165565	11.129	10.581	12.191	6.311	8.322	8.515	7.565
"UBE2J1"	"UBE2J1"	"6"	89326625	89353155	57.331	54.238	54.131	45.574	48.666	48.804	48.982
"MMS22L"	"MMS22L"	"6"	97142161	97283437	4.673	4.927	4.911	6.38	6.011	6.171	5.944
"FOXO3"	"FOXO3"	"6"	108559825	108684774	8.603	9.162	8.776	7.285	7.135	7.439	7.41
"FIG4"	"FIG4"	"6"	109691296	109825431	12.027	11.244	11.039	8.638	7.704	7.249	8.271
"FYN"	"FYN"	"6"	111660332	111873452	35.49	34.702	35.734	31.326	28.499	27.508	29.625
"LAMA4"	"LAMA4"	"6"	112107931	112254722	33.225	28.44	29.116	50.216	64.628	50.049	38.669
"TSPYL1"	"TSPYL1"	"6"	116274858	116279930	50.597	51.044	48.853	45.53	43.699	42.445	43.549
"TPD52L1"	"TPD52L1"	"6"	125153730	125264407	23.207	20.801	21.804	14.852	11.698	15.429	15.907
"MAP3K5"	"MAP3K5"	"6"	136557046	136793098	5.013	4.498	4.887	6.86	6.817	6.432	5.888
"CITED2"	"CITED2"	"6"	139371807	139374648	344.435	347.476	349.286	196.982	246.159	194.057	188.085
"AIG1"	"AIG1"	"6"	143059213	143343883	5.968	5.622	5.866	4.549	4.103	3.995	4.719
"PHACTR2"	"PHACTR2"	"6"	143536878	143831185	25.526	25.005	25.875	20.155	18.776	18.381	20.851
"TPT1P4"	"TPT1P4"	"6"	144200238	144201079	59.042	54.908	55.342	47.744	41.33	42.276	47.764
"NUP43"	"NUP43"	"6"	149724315	149746529	10.296	10.376	10.609	12.331	12.43	12.013	11.665
"ULBP2"	"ULBP2"	"6"	149941947	149949235	10.712	9.782	11.258	16.735	13.449	13.568	13.999
"RPS12P11"	"RPS12P11"	"6"	151225528	151226029	73.592	77.17	80.098	65.689	68.162	63.107	67.357
"IGF2R"	"IGF2R"	"6"	159969082	160111504	38.794	43.327	40.843	47.733	49.477	51.71	53.634
"RPS6KA2"	"RPS6KA2"	"6"	166409364	166862525	100.205	100.046	99.236	79.312	74.484	71.646	66.295
"CEP43"	"CEP43"	"6"	166999397	167052718	2.872	3.039	2.969	3.726	4.079	4.33	3.617
"PRKAR1B"	"PRKAR1B"	"7"	549185	727676	13.778	13.53	15.056	11.267	10.623	10.994	9.502
"SUN1"	"SUN1"	"7"	815557	874934	29.044	28.894	26.404	33.73	32.647	33.937	32.653
"TTYH3"	"TTYH3"	"7"	2631986	2664802	158.902	156.273	161.616	134.874	120.984	130.058	116.191
"ETV1"	"ETV1"	"7"	13891229	13991425	5.779	4.895	5.291	8.446	7.392	8.131	8.131
"ITGB8"	"ITGB8"	"7"	20329819	20415754	5.662	5.28	5.047	3.173	2.506	3.321	4.116
"LOC100506178"	"LOC100506178"	"7"	22563337	22573998	3.992	4.269	3.705	8.434	5.952	7.614	7.469
"GPNMB"	"GPNMB"	"7"	23246766	23275110	124.955	106.975	114.271	95.562	89.491	98.213	88.82
"TRA2A"	"TRA2A"	"7"	23504780	23531981	77.382	76.767	76.125	67.732	68.907	65.852	70.234
"GSDME"	"GSDME"	"7"	24698355	24762235	52.47	49.327	51.949	38.282	36.132	35.666	39.381
"SKAP2"	"SKAP2"	"7"	26654772	26864623	0.956	0.735	0.836	0.421	0.309	0.086	0.113
"HIBADH"	"HIBADH"	"7"	27525440	27662903	69.614	69.028	66.003	56.021	52.168	50.288	52.589
"PDE1C"	"PDE1C"	"7"	31616777	32428224	19.434	19.231	18.289	9.8	15.742	12.253	11.34
"NT5C3A"	"NT5C3A"	"7"	33014113	33062776	16.408	17.027	16.365	21.536	19.297	19.739	21.252
"BMPER"	"BMPER"	"7"	33904915	34156427	1.079	1.178	1.33	2.64	4.174	2.042	2.912
"TBX20"	"TBX20"	"7"	35199936	35254100	0.636	0.54	0.365	0.08	0.273	0.029	0.029
"ANLN"	"ANLN"	"7"	36389809	36453791	203.17	205.764	207.856	302.076	346.315	281.021	273.157
"RPL32P18"	"RPL32P18"	"7"	44467844	44468349	569.959	567.773	601.743	487.003	493.646	504.462	493.221
"NACAD"	"NACAD"	"7"	45080432	45089452	1.979	2.171	2.004	1.237	0.522	0.63	0.874
"SNORA5A"	"SNORA5A"	"7"	45104349	45104482	0	0	0	0.534	0.543	0.522	0.514
"IGFBP1"	"IGFBP1"	"7"	45888488	45893660	0.743	1.167	0.869	3.969	3.366	3.233	4.139
"IGFBP3"	"IGFBP3"	"7"	45912245	45921272	297.285	302.679	283.34	679.936	1038.823	609.174	585.347
"TNS3"	"TNS3"	"7"	47275154	47582553	69.741	68.295	66.5	53.541	47.766	50.68	43.956
"HUS1"	"HUS1"	"7"	47962980	47979619	9.979	9.102	9.925	13.46	12.279	12.299	12.421
"FIGNL1"	"FIGNL1"	"7"	50437320	50450400	5.686	6.279	6.074	7.783	8.07	7.388	7.452
"LANCL2"	"LANCL2"	"7"	55365337	55433737	18.299	18.486	18.225	16.363	15.674	15.637	15.753
"BAZ1B"	"BAZ1B"	"7"	73440406	73522293	65.798	66.914	67.939	78.128	75.179	73.274	77.207
"STX1A"	"STX1A"	"7"	73699210	73719673	12.096	12.257	14.084	17.137	17.926	19.106	15.872
"ELN"	"ELN"	"7"	74027772	74069907	0.44	0.774	0.631	0	0.036	0	0
"LIMK1"	"LIMK1"	"7"	74083804	74122525	108.25	107.21	112.447	68.618	68.038	82.708	76.798
"GTF2IRD1"	"GTF2IRD1"	"7"	74453906	74603070	18.475	18.961	18.623	15.834	15.582	15.292	15.948
"RHBDD2"	"RHBDD2"	"7"	75879015	75888926	31.386	31.837	33.999	26.609	25.586	25.893	26.913
"TMEM120A"	"TMEM120A"	"7"	75986831	75994669	13.009	12.423	14.207	9.577	8.703	9.113	10.085
"MDH2"	"MDH2"	"7"	76048106	76067508	163.906	164.369	169.367	142.737	142.353	145.796	150.895
"HSPB1"	"HSPB1"	"7"	76302673	76304292	940.381	946.748	1038.977	757.563	817.597	851.894	753.181
"PHTF2"	"PHTF2"	"7"	77798773	77957504	19.344	18.434	18.303	23.832	21.48	21.841	22.176
"MAGI2-AS3"	"MAGI2-AS3"	"7"	79452957	79471208	11.895	11.426	11.755	13.214	14.575	13.805	13.468
"SEMA3A"	"SEMA3A"	"7"	83955777	84515189	10.577	10.987	11.219	19.46	14.736	17.031	14.874
"CDK6"	"CDK6"	"7"	92604921	92836573	16.904	17.432	16.585	21.394	19.212	20.631	19.336
"SAMD9L"	"SAMD9L"	"7"	93130056	93148385	2.864	2.768	2.588	5.722	4.45	4.206	4.373
"TFPI2"	"TFPI2"	"7"	93885396	93890753	26.382	24.408	21.922	52.506	62.378	41.795	42.811
"DLX5"	"DLX5"	"7"	97020396	97024831	0.305	0.224	0.268	0.091	0.138	0.044	0.087
"CCZ1P-OR7E38P"	"CCZ1P-OR7E38P"	"7"	97966408	97972358	20.909	24.565	26.915	15.039	17.606	15.922	18.379
"TECPR1"	"TECPR1"	"7"	98214624	98252235	9.057	8.253	8.236	6.292	5.837	6.346	6.088
"ATP5MF"	"ATP5MF"	"7"	99458195	99466167	468.999	479.526	479.914	444.847	415.45	423.706	421.279
"COPS6"	"COPS6"	"7"	100088969	100092187	224.289	226.779	234.399	198.747	204.199	203.525	206.352
"GAL3ST4"	"GAL3ST4"	"7"	100159244	100168617	2.638	2.763	2.93	1.517	2.058	1.977	1.518
"STAG3L5P"	"STAG3L5P"	"7"	100336079	100341328	2.314	1.745	1.933	3.14	4.794	3.549	3.212
"MOSPD3"	"MOSPD3"	"7"	100612162	100615377	26.11	26.417	28.226	21.277	19.316	22.266	21.205
"PLOD3"	"PLOD3"	"7"	101205984	101217581	77.18	81.292	82.524	108.653	105.913	108.483	104.751
"RELN"	"RELN"	"7"	103471789	103989658	14.117	15.807	16.281	23.681	24.767	24.293	18.952
"EIF4BP6"	"EIF4BP6"	"7"	104667733	104671572	25.307	24.448	23.756	18.74	17.48	19.76	21.287
"LAMB1"	"LAMB1"	"7"	107923799	108003176	119.812	116.731	115.822	209.728	179.41	181.829	165.193
"IFRD1"	"IFRD1"	"7"	112423174	112477203	12.866	12.435	14.544	18.076	18.558	17.535	17.183
"FOXP2"	"FOXP2"	"7"	114086327	114693765	1.158	1.254	1.181	0.67	0.789	0.698	0.602
"MDFIC"	"MDFIC"	"7"	114922094	115019917	25.144	24.704	23.167	30.753	29.799	28.5	28.237
"ANKRD7"	"ANKRD7"	"7"	118224704	118242732	0.245	0.323	0.215	0	0.111	0	0
"AASS"	"AASS"	"7"	122073544	122144269	7.26	6.792	7.472	5.522	5.425	5.211	5.811
"PLXNA4"	"PLXNA4"	"7"	132123340	132648688	0.523	0.517	0.571	1.968	12.653	14.525	19.053
"LOC729998"	"LOC729998"	"7"	133034529	133035940	901.061	923.505	926.694	797.932	747.255	754.064	747.819
"EXOC4"	"EXOC4"	"7"	133253075	134067137	17.605	17.996	17.812	15.21	14.522	14.982	15.528
"BPGM"	"BPGM"	"7"	134646853	134679816	15.31	16.137	14.335	27.501	19.972	22.322	21.622
"NUP205"	"NUP205"	"7"	135557917	135648753	42.85	43.542	44.855	49.427	55.179	54.387	55.148
"SLC37A3"	"SLC37A3"	"7"	140333752	140398530	10.394	11.739	11.499	15.764	13.433	14.212	14.246
"GSTK1"	"GSTK1"	"7"	143263441	143269115	54.545	57.202	58.012	48.045	42.165	49.303	43.213
"TMEM139"	"TMEM139"	"7"	143284899	143288049	0.191	0.224	0.224	0	0	0	0
"RPL7P59"	"RPL7P59"	"7"	145040351	145040962	0.262	0.347	0.307	0.117	0.119	0.114	0
"ATP6V0E2"	"ATP6V0E2"	"7"	149872964	149880713	27.224	28.426	30.086	24.027	24.025	24.585	22.549
"LRRC61"	"LRRC61"	"7"	150309499	150338156	0.812	0.664	1.052	0.026	0.184	0.076	0.075
"ZBED10P"	"ZBED10P"	"7"	150330183	150332721	0.633	0.863	0.962	0.028	0.315	0.055	0.027
"INSIG1"	"INSIG1"	"7"	155297878	155310235	31.112	26.765	24.242	14.576	17.343	16.41	15.801
"DNAJB6"	"DNAJB6"	"7"	157337004	157417439	34.41	34.582	34.025	26.859	28.124	27.597	27.539
"NCAPG2"	"NCAPG2"	"7"	158631169	158704816	50.009	50.538	49.716	59.274	64.451	64.02	65.075
"VPS37A"	"VPS37A"	"8"	17246903	17333455	7.809	7.637	7.408	9.374	9.369	9.737	9.147
"ATP6V1B2"	"ATP6V1B2"	"8"	20197375	20226852	33.812	34.239	36.644	25.433	30.827	26.627	26.49
"LZTS1"	"LZTS1"	"8"	20246165	20303963	4.325	4.316	4.699	2.063	3.47	2.202	2.148
"DMTN"	"DMTN"	"8"	22048931	22082525	7.604	9.067	7.865	3.737	5.348	3.311	4.673
"NUDT18"	"NUDT18"	"8"	22106872	22110355	5.318	5.498	4.885	3.879	2.653	3.046	3.214
"TNFRSF10D"	"TNFRSF10D"	"8"	23135588	23164027	42.485	42.535	39.12	108.379	89.175	67.302	68.281
"CDCA2"	"CDCA2"	"8"	25458557	25511308	19.056	19.802	19.353	28.18	28.378	23.847	24.868
"BNIP3L"	"BNIP3L"	"8"	26383054	26413127	135.719	129.52	113.412	83.235	78.738	78.958	82.438
"PBK"	"PBK"	"8"	27809624	27837817	103	99.892	102.241	141.875	146.812	127.856	130.289
"ZNF395"	"ZNF395"	"8"	28345590	28386460	26.586	27.852	28.241	19.042	19.851	19.375	15.361
"DUSP4"	"DUSP4"	"8"	29333064	29350684	5.621	4.811	5.606	9.078	10.46	9.702	10.245
"PPP2CB"	"PPP2CB"	"8"	30785616	30812818	85.512	82.898	81.636	97.592	98.541	95.593	98.946
"PLEKHA2"	"PLEKHA2"	"8"	38901346	38973912	68.289	68.248	66.485	50.696	57.109	59.211	57.176
"SFRP1"	"SFRP1"	"8"	41261962	41309473	706.74	675.218	643.948	388.259	578.423	391.355	432.402
"GPAT4"	"GPAT4"	"8"	41578190	41625001	31.426	31.247	31.191	35.026	35.247	34.072	35.599
"PLAT"	"PLAT"	"8"	42174718	42207565	62.214	65.59	61.885	93.653	87.615	99.008	107.954
"ASPH"	"ASPH"	"8"	61500556	61714609	85.215	80.245	81.386	97.564	95.025	99.442	103.299
"GDAP1"	"GDAP1"	"8"	74350403	74488872	6.038	5.581	5.084	4.125	4.263	3.8	3.849
"TPD52"	"TPD52"	"8"	79918717	80171564	4.813	4.988	4.89	3.886	3.998	3.874	3.971
"MMP16"	"MMP16"	"8"	88032009	88327483	2.6	2.701	2.802	5.42	4.776	5.302	4.593
"DPY19L4"	"DPY19L4"	"8"	94719708	94793836	11.626	10.886	10.289	14.066	12.521	14.566	13.729
"RPL30"	"RPL30"	"8"	98041721	98045545	1567.53	1551.254	1613.697	1377.469	1323.306	1296.58	1434.152
"ERICH5"	"ERICH5"	"8"	98064568	98093609	0.534	0.564	0.563	0	0.097	0.186	0.183
"FBXO43"	"FBXO43"	"8"	100133351	100150569	1.363	0.943	0.82	2.618	2.859	2.56	1.903
"YWHAZ"	"YWHAZ"	"8"	100916523	100954068	302.817	294.24	290.467	238.439	251.68	253.75	271.008
"EIF3H"	"EIF3H"	"8"	116642130	116755823	105.251	97.963	103.197	88.488	82.544	87.077	87.869
"RAD21"	"RAD21"	"8"	116845934	116874776	170.827	171.883	171.671	198.449	217.054	200.591	199.222
"ENPP2"	"ENPP2"	"8"	119557085	119673404	0.66	0.601	0.665	1.681	2.557	1.505	1.989
"TBC1D31"	"TBC1D31"	"8"	123041961	123165173	5.514	5.261	5.889	7.193	7.579	7.218	7.062
"FBXO32"	"FBXO32"	"8"	123497889	123541206	108.666	106.115	91.277	41.33	43.954	49.918	44.333
"LRATD2"	"LRATD2"	"8"	126552443	126558498	13.453	12.571	11.161	5.7	6.17	6.522	6.123
"NDRG1"	"NDRG1"	"8"	133237175	133297252	8.491	8.242	7.837	4.5	3.658	5.117	4.111
"GRINA"	"GRINA"	"8"	143990056	143993415	157.281	160.224	172.49	133.476	126.609	141.252	138.466
"MAF1"	"MAF1"	"8"	144104461	144107611	118.758	120.774	128.677	105.649	106.168	107.041	101.231
"RPL8"	"RPL8"	"8"	144789769	144792390	1878.994	1905.32	1915.989	1618.132	1585.185	1567.819	1609.659
"PGM5P3-AS1"	"PGM5P3-AS1"	"9"	72690	88826	0.457	0.483	0.428	0.163	0	0.159	0.157
"UHRF2"	"UHRF2"	"9"	6413148	6507056	20.647	19.26	18.469	22.802	24.553	24.139	23.391
"GLDC"	"GLDC"	"9"	6532467	6645729	0.522	0.717	0.611	0.186	0.17	0.2	0.108
"RRAGA"	"RRAGA"	"9"	19049427	19051025	142.793	144.214	144.827	124.586	114.098	126.265	120.375
"MIR31HG"	"MIR31HG"	"9"	21454268	21559798	18.97	16.793	19.224	24.692	23.188	23.114	21.689
"ACO1"	"ACO1"	"9"	32384643	32454769	56.967	55.75	53.263	47.107	43.576	42.58	44.478
"RUSC2"	"RUSC2"	"9"	35490111	35561898	38.507	38.435	40.164	30.869	35.596	32.843	32.27
"CA9"	"CA9"	"9"	35673809	35681159	13.325	14.592	8.613	5.351	3.931	6.018	2.556
"HRCT1"	"HRCT1"	"9"	35906202	35907136	3.779	5.141	4.722	8.492	7.397	8.377	7.292
"MELK"	"MELK"	"9"	36572870	36677682	68.158	70.669	70.189	98.275	99.686	87.296	87.507
"GRHPR"	"GRHPR"	"9"	37422435	37438952	37.684	37.376	37.118	34.3	29.559	29.531	31.023
"TOMM5"	"TOMM5"	"9"	37588413	37592597	179.657	179.141	180.834	198.384	203.931	200.746	211.932
"ALDH1B1"	"ALDH1B1"	"9"	38392702	38398665	72.58	74.073	69.797	47.588	42.102	46.705	54.699
"CNTNAP3"	"CNTNAP3"	"9"	39064710	39288167	3.945	3.892	3.415	6.402	5.525	5.627	5.258
"CNTNAP3B"	"CNTNAP3B"	"9"	41890536	42129426	1.134	1.146	1.08	2	2.236	1.654	1.665
"PGM5"	"PGM5"	"9"	68356584	68531061	11.143	11.32	11.4	7.67	8.346	5.854	6.461
"BTF3P4"	"BTF3P4"	"9"	72107563	72108422	31.284	30.578	30.15	25.784	27.597	27.567	26.185
"C9orf40"	"C9orf40"	"9"	74946583	74952912	17.012	18.793	18.342	24.645	25.114	23.886	25.367
"CEP78"	"CEP78"	"9"	78236075	78279690	8.579	8.933	8.328	10.407	11.197	10.504	10.816
"IDNK"	"IDNK"	"9"	83622324	83644128	0.835	0.828	0.908	0.429	0.533	0.553	0.474
"CDC20P1"	"CDC20P1"	"9"	87011574	87013210	20.262	20.901	22.267	25.606	33.888	29.648	27.176
"LOC112268032"	"LOC112268032"	"9"	87406707	87423893	0.451	0.199	0.264	0	0	0	0
"CTSL"	"CTSL"	"9"	87726119	87731469	74.204	71.495	81.257	96.051	90.321	88.786	94.778
"S1PR3"	"S1PR3"	"9"	88990863	89005155	4.542	4.956	4.687	26.188	13.153	21.097	21.211
"CKS2"	"CKS2"	"9"	89311195	89316703	275.876	283.228	273.147	424.191	381.267	379.299	371.943
"BICD2"	"BICD2"	"9"	92711363	92764841	24.006	25.165	24.216	27.312	29.212	28.168	27.98
"MFSD14B"	"MFSD14B"	"9"	94374327	94461042	51.403	51.883	49.843	61.163	62.308	58.133	58.794
"EIF4BP3"	"EIF4BP3"	"9"	96145980	96147965	18.683	18.154	16.651	13.471	12.464	13.909	14.46
"HABP4"	"HABP4"	"9"	96450162	96491336	38.739	40.901	36.91	31.361	32.969	31.064	33.196
"NANS"	"NANS"	"9"	98056728	98083083	132.839	130.839	130.568	105.419	99.516	97.535	102.189
"SMC2"	"SMC2"	"9"	104093760	104141419	38.549	38.57	37.827	46.222	49.104	44.922	46.364
"TMEM38B"	"TMEM38B"	"9"	105694541	105776629	4.623	5.389	5.197	7.013	6.319	6.149	7.062
"UGCG"	"UGCG"	"9"	111896766	111935369	163.874	161.189	155.814	94.537	116.527	110.895	123.836
"ALAD"	"ALAD"	"9"	113386312	113401301	20.006	18.357	20.363	16.139	14.671	16.637	14.592
"LOC105376235"	"LOC105376235"	"9"	115596475	115672828	1.286	1.213	1.075	0.327	0.333	0.4	0.315
"PAPPA"	"PAPPA"	"9"	116153752	116402321	11.686	11.506	11.349	27.521	18.065	18.992	19.052
"TLR4"	"TLR4"	"9"	117704403	117724735	11.824	11.391	11.959	18.418	14.9	14.121	16.467
"CNTRL"	"CNTRL"	"9"	121074892	121177610	4.058	4.258	4.767	5.399	6.76	6.934	5.991
"LHX2"	"LHX2"	"9"	124011759	124033301	1.309	0.893	0.881	0.117	0.119	0.171	0.196
"NEK6"	"NEK6"	"9"	124257606	124353307	68.22	70.028	69.399	42.438	48.225	50.017	49.069
"LOC100129034"	"LOC100129034"	"9"	124353473	124359186	48.701	50.031	50.18	30.833	34.987	36.668	34.083
"HSPA5"	"HSPA5"	"9"	125234853	125241343	718.525	694.428	682.81	533.206	441.92	467.062	525.723
"ODF2"	"ODF2"	"9"	128455185	128501292	23.445	24.396	24.45	28.665	33.46	32.752	29.037
"TOR1B"	"TOR1B"	"9"	129803143	129811424	18.485	19.548	18.342	29.892	26.312	24.955	22.888
"SPACA9"	"SPACA9"	"9"	132878320	132890314	5.956	5.502	5.656	4.333	4.249	4.698	4.753
"EEF1A1P5"	"EEF1A1P5"	"9"	133019423	133021169	1471.539	1398.225	1421.786	1160.542	1053.487	1073.703	1170.325
"SNORD141A"	"SNORD141A"	"9"	133020430	133020534	4294	4138.524	4844.973	3491.38	3447.363	3444.729	3381.641
"GBGT1"	"GBGT1"	"9"	133152948	133163914	3.881	4.148	3.938	1.587	1.651	2.31	2.581
"QSOX2"	"QSOX2"	"9"	136206333	136245812	20.341	21.69	20.789	28.066	28.338	28.34	29.545
"PHPT1"	"PHPT1"	"9"	136849409	136851024	94.362	87.768	102.165	80.774	77.796	78.554	70.92
"EDF1"	"EDF1"	"9"	136862119	136866308	328.59	321.549	312.619	293.685	279.284	278.602	289.827
"SAPCD2"	"SAPCD2"	"9"	137062127	137070559	31.068	36.269	36.679	42.212	59.848	55.109	48.203
"RNF208"	"RNF208"	"9"	137220259	137223408	5.185	5.61	5.56	3.872	1.811	2.563	2.732
"TOR4A"	"TOR4A"	"9"	137277726	137282641	52.912	54.981	58.404	67.038	72.191	67.368	65.679
"CCDC3"	"CCDC3"	"10"	12896625	13099989	1.134	1.103	1.024	0.248	0.054	0.191	0.085
"FRMD4A"	"FRMD4A"	"10"	13638300	14330924	15.038	14.484	14.707	9.601	11.731	11.982	11.796
"HSPA14"	"HSPA14"	"10"	14838306	14871741	30.584	30.572	31.831	36.861	34.624	35.602	38.967
"PDSS1"	"PDSS1"	"10"	26697424	26747246	5.53	5.373	5.657	7.079	7.277	6.662	6.934
"MASTL"	"MASTL"	"10"	27154479	27187953	18.328	18.6	18.762	25.264	23.066	21.288	22.297
"SVIL"	"SVIL"	"10"	29457338	29736936	13.989	13.448	13.628	20.869	15.957	18.976	17.287
"KIF5B"	"KIF5B"	"10"	32009015	32056425	142.769	140.231	138.273	162.323	164.297	154.608	155.64
"LOC105376486"	"LOC105376486"	"10"	32887261	32896306	7.071	6.687	6.117	8.26	8.049	8.362	8.714
"LINC00839"	"LINC00839"	"10"	42475491	42495337	8.707	7.848	8.148	12.532	12.155	13.465	11.199
"CSGALNACT2"	"CSGALNACT2"	"10"	43138445	43185308	19.836	19.284	21.028	30.935	27.885	25.099	27.124
"MARCHF8"	"MARCHF8"	"10"	45454585	45594907	1.707	1.503	1.558	1.1	0.933	1.16	0.903
"ZWINT"	"ZWINT"	"10"	56357227	56361273	93.709	100.797	94.426	124.996	121.011	108.724	119.223
"CDK1"	"CDK1"	"10"	60778331	60794852	68.215	68.077	67.247	112.525	100.098	82.725	86.295
"ARID5B"	"ARID5B"	"10"	61901699	62096944	33.394	31.064	29.865	21.378	19.684	20.239	21.675
"DNA2"	"DNA2"	"10"	68414064	68472521	13.622	14.019	14.27	16.298	16.972	17.41	18.379
"CCAR1"	"CCAR1"	"10"	68721239	68792377	63.729	63.144	62.987	71.209	74.082	75.796	76.854
"SRGN"	"SRGN"	"10"	69057533	69104811	92.167	94.83	91.018	155.773	122.233	166.352	221.427
"TSPAN15"	"TSPAN15"	"10"	69451464	69549508	1.396	1.462	1.343	0.589	0.944	0.597	0.765
"FAM241B"	"FAM241B"	"10"	69630241	69633599	3.236	3.335	3.786	1.933	1.467	1.787	1.489
"DNAJC9"	"DNAJC9"	"10"	73241954	73247255	104.598	109.873	111.426	131.218	138.118	129.232	141.333
"ZSWIM8-AS1"	"ZSWIM8-AS1"	"10"	73796514	73801399	0.33	0.339	0.257	1.078	0.748	1.341	0.755
"COMTD1"	"COMTD1"	"10"	75233641	75236027	11.256	11.246	10.676	9.158	8.438	9.113	9.547
"LDB3"	"LDB3"	"10"	86666788	86736072	1.022	1.04	1.166	0.537	0.391	0.397	0.285
"SNCG"	"SNCG"	"10"	86955759	86963260	2.295	3.134	3.24	1.057	1.148	1.516	1.968
"ADIRF-AS1"	"ADIRF-AS1"	"10"	86965287	86971240	3.296	3.228	3.71	6.798	5.885	8.674	6.29
"STAMBPL1"	"STAMBPL1"	"10"	88879368	88923502	7.883	7.448	7.175	11.226	11.571	10.933	11.111
"FAS"	"FAS"	"10"	88968429	89017059	8.548	8.605	8.542	10.141	11.335	11.22	11.667
"KIF20B"	"KIF20B"	"10"	89701590	89774934	45.86	47.457	44.749	67.644	74.419	68.12	64.739
"KIF11"	"KIF11"	"10"	92593130	92655395	105.801	111.45	104.585	148.537	148.319	130.359	137.732
"CEP55"	"CEP55"	"10"	93496612	93529094	166.852	170.405	172.166	214.619	263.332	208.445	210.423
"ALDH18A1"	"ALDH18A1"	"10"	95605941	95656711	113.029	112.992	113.532	99.713	97.746	102.607	103.957
"RPL13AP5"	"RPL13AP5"	"10"	96750266	96750923	2041.236	2029.339	2131.794	1721.738	1682.973	1676.493	1662.305
"ARHGAP19"	"ARHGAP19"	"10"	97222179	97292637	17.203	18.645	17.249	21.928	21.562	20.572	21.701
"PGAM1"	"PGAM1"	"10"	97426191	97433444	200.884	198.293	199.336	154.279	153.368	161.838	150.367
"ANKRD2"	"ANKRD2"	"10"	97572441	97583884	0.585	0.562	0.623	0	0.289	0.185	0
"PI4K2A"	"PI4K2A"	"10"	97640671	97676434	49.822	50.732	52.985	42.69	43.848	43.251	42.902
"AVPI1"	"AVPI1"	"10"	97677422	97687432	30.066	34.805	33.133	22.81	25.026	21.72	22.619
"LOXL4"	"LOXL4"	"10"	98247690	98268221	0.755	0.759	0.61	0.288	0.016	0.172	0.2
"CUTC"	"CUTC"	"10"	99732234	99756134	27.494	28.871	28.635	39.202	33.668	36.542	34.071
"DNMBP"	"DNMBP"	"10"	99875571	100009948	32.086	34.107	31.56	37.235	41.786	43.514	41.448
"ERLIN1"	"ERLIN1"	"10"	100150094	100186029	118.651	122.971	123.379	143.946	149.532	147.079	144.465
"SCD"	"SCD"	"10"	100347233	100364826	92.485	82.903	69.694	35.663	33.007	39.307	31.091
"SLF2"	"SLF2"	"10"	100909416	100965134	15.024	15.042	13.766	17.757	18.677	17.835	18.559
"SEMA4G"	"SEMA4G"	"10"	100969503	100985618	3.62	3.411	3.241	2.316	1.233	0.962	0.787
"LZTS2"	"LZTS2"	"10"	100996588	101007833	75.503	77.44	80.204	69.127	68.505	70.131	67.116
"FBXW4"	"FBXW4"	"10"	101610664	101695295	25.805	25.706	24.702	22.984	21.51	20.224	19.807
"CUEDC2"	"CUEDC2"	"10"	102423249	102432574	172.889	171.396	168.763	153.791	149.907	151.947	147.248
"TRIM8"	"TRIM8"	"10"	102644479	102658319	131.036	127.5	132.167	103.148	109.4	111.869	102.866
"SFXN2"	"SFXN2"	"10"	102714631	102743492	6.499	6.624	7.24	4.884	5.087	4.71	5.408
"BORCS7-ASMT"	"BORCS7-ASMT"	"10"	102854210	102901899	16.051	14.671	15.784	12.751	10.872	9.702	10.789
"AS3MT"	"AS3MT"	"10"	102869470	102901899	12.293	11.368	13.689	8.7	8.083	6.28	7.533
"CALHM2"	"CALHM2"	"10"	103446783	103452403	21.691	19.84	21.369	13.087	11.205	13.85	13.976
"SFR1"	"SFR1"	"10"	104120166	104126385	9.783	8.552	8.887	14.701	14.17	11.768	11.185
"GFRA1"	"GFRA1"	"10"	116056925	116274705	15.317	15.597	15.676	8.167	7.778	6.542	8.96
"PLPP4"	"PLPP4"	"10"	120456954	120600123	17.047	16.65	17.244	13.09	11.787	13.093	13.029
"WDR11-DT"	"WDR11-DT"	"10"	120761812	120851179	0.128	0.057	0.075	0	0	0	0
"EEF1AKMT2"	"EEF1AKMT2"	"10"	124757834	124791887	19.214	20.189	17.783	22.712	24.712	23.175	24.236
"ADAM12"	"ADAM12"	"10"	126012391	126388477	33.87	33.229	31.373	40.816	45.391	51.062	50.006
"MKI67"	"MKI67"	"10"	128096659	128126423	104.755	113.867	116.922	147.36	196.315	168.199	151.918
"BNIP3"	"BNIP3"	"10"	131967684	131981923	160.363	164.077	142.504	89.669	83.897	91.431	80.165
"ECHS1"	"ECHS1"	"10"	133362480	133373396	146.549	147.762	141.164	126.404	117.818	122.788	126.802
"PAOX"	"PAOX"	"10"	133379262	133391694	3.978	4.681	4.016	2.834	2.809	2.88	2.765
"IFITM2"	"IFITM2"	"11"	307816	309395	87.098	82.919	89.838	69.113	73.092	66.805	62.842
"IFITM3"	"IFITM3"	"11"	319676	320860	270.904	250.952	288.145	220.68	192.67	210.259	199.722
"EPS8L2"	"EPS8L2"	"11"	706202	727727	13.804	14.784	12.957	9.844	11.813	9.75	9.332
"PNPLA2"	"PNPLA2"	"11"	818914	825573	97.398	92.725	99.274	68.067	67.559	68.718	62.31
"CTSD"	"CTSD"	"11"	1752755	1763927	1807.111	1714.811	1740.782	1395.945	988.836	935.953	856.752
"RRM1"	"RRM1"	"11"	4094685	4138932	147.1	153.92	152.87	172.844	179.983	164.767	175.078
"TRIM21"	"TRIM21"	"11"	4384897	4393702	15.357	15.271	13.934	13.049	12.077	11.963	11.46
"TAF10"	"TAF10"	"11"	6606294	6612216	25.944	28.825	28.616	20.63	22.943	21.459	22.597
"TPP1"	"TPP1"	"11"	6612768	6619422	45.078	40.852	43.476	37.527	32.273	33.685	32.54
"EIF3F"	"EIF3F"	"11"	7987337	8001852	40.794	39.483	41.163	32.282	31.783	32.37	32.283
"LOC107984308"	"LOC107984308"	"11"	8718130	8719532	1.709	1.041	1.538	0.468	0.715	0.572	0.564
"SBF2-AS1"	"SBF2-AS1"	"11"	9758293	9811319	2.966	2.741	2.775	3.487	4.086	3.641	3.687
"ADM"	"ADM"	"11"	10305073	10307397	54.259	59.226	56.418	41.231	46.599	45.654	47.588
"ZBED5"	"ZBED5"	"11"	10852706	10858053	23.246	21.969	22.424	31.306	27.98	29.244	27.329
"PARVA"	"PARVA"	"11"	12376441	12535356	59.381	58.362	57.973	52.167	50.752	50.618	50.432
"ARNTL"	"ARNTL"	"11"	13276552	13387268	5.63	4.578	5.361	3.73	3.719	3.781	3.002
"FAR1"	"FAR1"	"11"	13668666	13732346	34.608	33.357	33.203	36.884	39.167	40.38	41.017
"RPS2P40"	"RPS2P40"	"11"	17228251	17229188	21.319	17.937	22.435	14.794	14.592	16.402	13.803
"TMEM86A"	"TMEM86A"	"11"	18698779	18704785	0.156	0.176	0.234	0.099	0.04	0.039	0.057
"CCDC34"	"CCDC34"	"11"	27338512	27363215	15.511	16.103	17.081	21.766	21.678	21.76	21.735
"KIF18A"	"KIF18A"	"11"	28020619	28108180	20.116	19.403	20.624	28.369	31.371	28.742	27.047
"QSER1"	"QSER1"	"11"	32892811	32980270	21.429	22.192	21.156	24.124	24.755	26.402	26.042
"C11orf91"	"C11orf91"	"11"	33698261	33703026	0.884	0.692	0.46	1.487	1.692	1.754	1.432
"CD59"	"CD59"	"11"	33703010	33736479	197.911	194.283	204.271	237.122	254.155	240.443	262.862
"CAT"	"CAT"	"11"	34438934	34472060	53.039	53.69	50.398	43.056	39.023	43.071	46.231
"CD44"	"CD44"	"11"	35139168	35232402	277.831	271.68	270.871	374.145	379.445	372.48	357.191
"COMMD9"	"COMMD9"	"11"	36272292	36289428	24.622	24.925	26.91	20.897	20.975	21.135	19.587
"TTC17"	"TTC17"	"11"	43358885	43494931	11.613	10.999	11.447	13.26	13.586	13.423	13.608
"ATG13"	"ATG13"	"11"	46617527	46674518	32.352	32.147	32.267	27.88	24.971	26.822	25.043
"CKAP5"	"CKAP5"	"11"	46743048	46846280	70.39	74.891	73.29	90.361	108.635	96.485	93.38
"FAM111A"	"FAM111A"	"11"	59142856	59155039	23.951	23.612	23.662	31.704	29.979	28.863	28.905
"TMEM138"	"TMEM138"	"11"	61362361	61378224	7.908	7.482	9.151	11.19	12.08	12.091	11.224
"FADS2"	"FADS2"	"11"	61816203	61867354	75.652	80.433	77.464	54.351	55.805	58.366	52.826
"FTH1"	"FTH1"	"11"	61964285	61967634	2330.843	2201.096	2372.568	1877.221	1724.804	1805.019	1916.108
"INCENP"	"INCENP"	"11"	62123998	62155474	29.486	33.06	32.302	44.098	51.514	43.815	39.733
"EEF1G"	"EEF1G"	"11"	62559596	62573891	540.743	547.547	550.622	502.694	469.64	462.887	456.201
"GANAB"	"GANAB"	"11"	62624829	62646613	351.465	360.319	358.865	323.968	313.511	318.266	309.434
"PLAAT3"	"PLAAT3"	"11"	63574462	63616926	51.335	46.775	49.87	33.848	26.351	29.021	29.928
"ZFTA"	"ZFTA"	"11"	63759892	63768775	9.217	8.212	8.547	11.576	11.068	11.439	10.566
"TRPT1"	"TRPT1"	"11"	64223799	64226224	26.797	26.475	27.142	20.736	22.237	18.708	19.226
"NUDT22"	"NUDT22"	"11"	64226258	64230016	23.26	25.431	22.663	19.864	20.37	20.009	19.752
"VEGFB"	"VEGFB"	"11"	64234584	64239264	58.866	58.786	60.168	51.241	46.343	51.414	45.593
"MAP4K2"	"MAP4K2"	"11"	64784918	64803248	4.355	4.28	4.167	3.408	2.808	2.909	2.801
"ARL2-SNX15"	"ARL2-SNX15"	"11"	65014113	65040572	58.204	56.37	58.931	50.475	50.811	52.897	51.195
"ARL2"	"ARL2"	"11"	65014160	65022184	190.439	190.763	208.155	161.635	161.54	167.33	161.672
"CDCA5"	"CDCA5"	"11"	65061009	65084129	33.291	34.846	37.066	46.801	48.056	41.387	40.929
"TM7SF2"	"TM7SF2"	"11"	65111872	65116230	10.128	9.497	8.335	5.122	4.014	3.412	4.102
"CAPN1"	"CAPN1"	"11"	65181373	65212006	109.092	111.116	113.739	89.441	90.195	95.386	94.72
"RAB1B"	"RAB1B"	"11"	66268526	66277492	232.987	241.326	252.886	205.828	214.599	216.293	210.557
"SLC29A2"	"SLC29A2"	"11"	66362521	66372476	1.483	1.774	1.66	0.847	0.453	0.618	0.857
"RBM14-RBM4"	"RBM14-RBM4"	"11"	66616630	66646468	98.833	99.223	101.47	82.666	86.747	87.227	87.042
"RBM4"	"RBM4"	"11"	66638703	66668380	47.6	47.083	47.337	40.145	40.013	40.975	40.15
"PC"	"PC"	"11"	66848420	66958418	4.295	4.535	4.479	2.951	2.535	2.599	2.128
"SYT12"	"SYT12"	"11"	67006773	67050863	2.273	2.171	2.103	1.27	0.431	1.113	0.726
"POLD4"	"POLD4"	"11"	67350765	67353596	44.902	43.66	43.077	37.472	33.837	33.179	33.963
"CARNS1"	"CARNS1"	"11"	67415678	67425607	0.407	0.348	0.35	0.128	0.087	0.083	0.113
"CORO1B"	"CORO1B"	"11"	67435510	67443809	33.271	31.691	33.327	24.831	25.321	25.216	23.382
"CDK2AP2"	"CDK2AP2"	"11"	67506497	67508162	66.619	70.75	75.851	46.143	49.35	57.265	46.456
"GSTP1"	"GSTP1"	"11"	67583812	67586653	975.663	1007.054	1009.58	835.78	808.292	871.008	818.955
"ALDH3B1"	"ALDH3B1"	"11"	68008547	68029276	32.456	32.872	34.027	26.392	21.124	22.586	17.933
"CPT1A"	"CPT1A"	"11"	68754620	68844410	34.894	36.34	40.947	44.132	49.99	49.272	52.896
"LTO1"	"LTO1"	"11"	69665563	69675354	8.241	9.046	9.225	10.708	10.84	12.214	11.695
"SHANK2"	"SHANK2"	"11"	70467854	71252724	2.556	2.936	2.706	1.878	1.819	1.827	1.887
"DHCR7"	"DHCR7"	"11"	71434411	71448393	34.964	36.588	35.66	26.348	29.532	29.736	29.083
"ARAP1"	"ARAP1"	"11"	72685069	72752408	20.451	21.031	22.21	14.96	17.108	17.511	16.963
"STARD10"	"STARD10"	"11"	72754729	72794047	9.996	8.89	9.032	7.092	5.843	6.423	5.586
"FCHSD2"	"FCHSD2"	"11"	72836743	73142682	14.238	15.133	13.992	11.95	11.3	11.771	11.887
"ARHGEF17"	"ARHGEF17"	"11"	73308276	73369388	14.04	14.514	15.468	11.821	10.729	10.538	10.723
"UCP2"	"UCP2"	"11"	73974671	73983202	19.449	19.208	22.919	9.894	10.102	13.179	11.652
"RPL31P46"	"RPL31P46"	"11"	74919575	74919933	0.224	0.591	0.523	0	0	0	0
"RPS3"	"RPS3"	"11"	75399518	75422302	634.504	651.311	629.728	554.034	530.808	528.367	582.061
"LRRC32"	"LRRC32"	"11"	76657524	76670747	0.162	0.271	0.246	0.072	0.015	0.028	0
"ARL6IP1P3"	"ARL6IP1P3"	"11"	80653125	80654063	0.342	0.376	0.4	0.838	0.775	0.745	0.733
"DDIAS"	"DDIAS"	"11"	82901735	82934659	10.009	10.828	9.49	17.318	16.187	14.916	14.348
"CKS1BP4"	"CKS1BP4"	"11"	83209334	83210109	0	0	0	0.277	0.094	0.18	0.266
"CEP295"	"CEP295"	"11"	93661682	93730381	4.781	4.407	4.782	6.002	6.454	6.177	5.645
"SNORA18"	"SNORA18"	"11"	93733466	93733597	12.777	9.64	9.252	16.257	18.752	15.894	15.651
"MRE11"	"MRE11"	"11"	94415570	94512701	8.02	8.298	8.403	10.478	10.109	10.143	9.689
"CCDC82"	"CCDC82"	"11"	96352765	96389924	3.686	3.269	3.204	4.236	4.567	4.441	4.576
"JRKL"	"JRKL"	"11"	96390013	96393561	8.35	8.326	7.968	10.199	10.134	9.991	10.498
"BIRC2"	"BIRC2"	"11"	102347214	102378670	47.394	43.922	44.366	65.887	73.507	60.335	57.608
"CRYAB"	"CRYAB"	"11"	111908564	111923740	17.964	17.66	17.943	1.818	3.066	0.457	1.25
"HSPB2"	"HSPB2"	"11"	111912734	111914093	2.286	2.18	2.452	0.255	0.345	0	0
"CADM1"	"CADM1"	"11"	115169236	115504428	0.848	0.977	0.908	0.129	0.319	0.024	0.132
"SIDT2"	"SIDT2"	"11"	117178743	117197442	14.36	14.087	13.656	11.895	9.688	10.404	11.561
"TMEM25"	"TMEM25"	"11"	118531189	118547286	14.402	12.93	14.684	10.339	10.783	9.75	10.465
"PHLDB1"	"PHLDB1"	"11"	118606296	118658028	31.471	31.95	30.998	22.897	23.513	26.97	26.301
"MCAM"	"MCAM"	"11"	119305759	119317130	2.674	2.47	2.542	0.387	0.812	0.562	0.994
"C1QTNF5"	"C1QTNF5"	"11"	119338942	119346705	9.131	8.897	8.683	4.293	5.217	5.755	5.284
"MFRP"	"MFRP"	"11"	119338942	119346705	9.131	8.897	8.683	4.293	5.217	5.755	5.284
"USP2"	"USP2"	"11"	119355215	119381690	3.208	2.84	3.16	1.554	1.718	1.242	1.737
"THY1"	"THY1"	"11"	119415476	119424985	196.851	198.532	212.305	162.13	168.702	151.196	157.859
"NECTIN1"	"NECTIN1"	"11"	119638098	119729200	5.692	6.394	6.958	8.272	8.154	9.425	9.375
"CLMP"	"CLMP"	"11"	123069872	123195248	62.676	62.951	62.507	81.496	83.74	77.939	86.575
"NCAPD3"	"NCAPD3"	"11"	134150113	134225461	23.855	25.31	25.517	28.61	32.746	31.145	31.212
"CCDC77"	"CCDC77"	"12"	389347	442642	13.528	11.647	12.398	16.006	15.127	15.334	14.761
"WNT5B"	"WNT5B"	"12"	1529856	1647213	136.857	146.473	131.395	96.242	113.035	94.111	93.047
"RHNO1"	"RHNO1"	"12"	2876265	2889524	37.547	39.939	39.518	47.854	46.549	45.376	43.069
"C12orf4"	"C12orf4"	"12"	4487735	4538508	12.947	13.697	13.512	16.455	16.011	15.749	15.66
"NCAPD2"	"NCAPD2"	"12"	6494102	6531955	98.555	107.364	106.369	126.769	158.52	149.796	135.548
"GAPDH"	"GAPDH"	"12"	6534517	6538371	6380.027	6409.958	6666.752	5255.214	5193.358	5271.32	5090.305
"CDCA3"	"CDCA3"	"12"	6844795	6852079	20.326	21.764	23.614	29.763	36.443	32.134	26.662
"TPI1"	"TPI1"	"12"	6866834	6870948	518.847	536.825	546.393	468.647	429.795	455.466	421.98
"CREBL2"	"CREBL2"	"12"	12611876	12645108	27.736	24.883	26.564	23.186	20.875	20.516	21.08
"GPRC5A"	"GPRC5A"	"12"	12891562	12917937	86.827	87.92	91.577	67.586	58.965	55.877	52.031
"PTHLH"	"PTHLH"	"12"	27958084	27972864	0.704	0.819	0.647	2.464	1.938	3.22	2.221
"AK4P3"	"AK4P3"	"12"	31614243	31616583	0.069	0.06	0.04	0	0	0	0
"PKP2"	"PKP2"	"12"	32790755	32896777	19.116	19.241	17.385	11.432	12.27	13.807	13.928
"SLC38A2"	"SLC38A2"	"12"	46358188	46372774	443.238	429.238	406.914	348.675	341.94	336.588	341.142
"SLC48A1"	"SLC48A1"	"12"	47753619	47782753	10.103	9.731	11.099	8.868	7.3	7.318	7.634
"VDR"	"VDR"	"12"	47841537	47905022	14.327	13.804	12.88	10.32	8.146	9.655	10.63
"FKBP11"	"FKBP11"	"12"	48921963	48925492	24.007	21.131	23.266	27.786	27.859	28.478	26.85
"ARF3"	"ARF3"	"12"	48930252	48957526	111.841	112	116.296	101.063	99.157	98.147	98.285
"TUBA1C"	"TUBA1C"	"12"	49227926	49274600	378.856	404.706	452.096	503.991	592.377	534.185	513.998
"RACGAP1"	"RACGAP1"	"12"	49989162	50033206	80.635	84.867	86.696	114.036	125.112	110.132	101.734
"CSRNP2"	"CSRNP2"	"12"	51061205	51083597	12.847	13.612	13.693	15.608	15.658	16.144	15.002
"DAZAP2"	"DAZAP2"	"12"	51238826	51246717	113.605	109.065	110.727	92.956	93.404	95.841	96.098
"KRT80"	"KRT80"	"12"	52168996	52192014	146.955	150.685	154.401	96.48	81.851	109.612	102.618
"KRT7"	"KRT7"	"12"	52233243	52252667	33.795	31.987	35.618	28.622	23.315	23.046	20.892
"KRT86"	"KRT86"	"12"	52270507	52309163	2.146	1.9	1.808	0.83	0.823	1.143	1.052
"KRT18"	"KRT18"	"12"	52948855	52952906	638.363	649.074	571.212	495.793	457.191	441.605	437.53
"EIF4B"	"EIF4B"	"12"	53006456	53042215	168.051	164.139	161.877	139.791	124.353	139.036	138.337
"TNS2"	"TNS2"	"12"	53046980	53064379	21.267	22.845	23.473	16.188	18.33	19.265	16.696
"SPRYD3"	"SPRYD3"	"12"	53064316	53079390	31.411	33.154	35.092	43.85	42.347	39.136	41.101
"ESPL1"	"ESPL1"	"12"	53268257	53293643	11.051	12.963	13.31	15.716	21.316	19.145	16.941
"PFDN5"	"PFDN5"	"12"	53295542	53299450	426.353	413.597	409.993	375.896	372.684	368.09	374.718
"PRR13"	"PRR13"	"12"	53441734	53446638	86.708	88.733	95.137	70.171	76.294	74.49	74.599
"ATP5MC2"	"ATP5MC2"	"12"	53665166	53677546	97.381	94.389	98.962	79.689	75.264	78.768	77.063
"CALCOCO1"	"CALCOCO1"	"12"	53708517	53727520	11.168	9.935	10.014	7.144	6.471	7.145	5.613
"SCAT2"	"SCAT2"	"12"	54262615	54279063	0.109	0.096	0.128	0	0	0	0
"ZNF385A"	"ZNF385A"	"12"	54369134	54391610	11.167	10.946	10.148	5.281	6.149	4.982	5.045
"ITGA5"	"ITGA5"	"12"	54395261	54419266	745.808	758.104	739.676	1086.492	1030.948	1167.06	1037.181
"METTL7B"	"METTL7B"	"12"	55681736	55684611	4.516	5.049	5.14	3.098	3.043	2.019	2.773
"BLOC1S1-RDH5"	"BLOC1S1-RDH5"	"12"	55716034	55724742	45.287	45.457	47.322	39.038	40.212	39.896	41.047
"CDK2"	"CDK2"	"12"	55966830	55972789	57.606	61.203	61.396	70.301	77.108	71.987	71.755
"LOC100131294"	"LOC100131294"	"12"	55979974	55981067	54.691	47.688	48.519	43.023	38.464	41.295	42.113
"MYL6B"	"MYL6B"	"12"	56152587	56157982	153.511	147.645	145.554	105.131	100.144	111.721	113.412
"RNF41"	"RNF41"	"12"	56202179	56221982	21.239	21.617	22.081	19.248	17.966	19.154	18.019
"TIMELESS"	"TIMELESS"	"12"	56416363	56449426	36.201	38.992	38.996	42.699	47.735	45.746	45.314
"PRIM1"	"PRIM1"	"12"	56731580	56752323	31.154	30.155	31.36	37.399	35.455	34.254	38.329
"NEMP1"	"NEMP1"	"12"	57055643	57088703	16.851	17.952	18.38	20.893	23.945	22.654	22.58
"NAB2"	"NAB2"	"12"	57089114	57095476	30.21	29.372	31.114	23.834	23.469	23.021	24.384
"DDIT3"	"DDIT3"	"12"	57516588	57520517	10.09	9.422	11.165	7.165	7.972	7.48	8.009
"CTDSP2"	"CTDSP2"	"12"	57816702	57846729	47.429	46.415	46.096	38.92	36.193	37.632	34.176
"MSRB3"	"MSRB3"	"12"	65278593	65466907	76.51	70.785	69.326	88.409	87.546	85.502	81.997
"NUP107"	"NUP107"	"12"	68686971	68745809	21.865	22.47	22.63	27.19	27.056	26.449	28.25
"PHLDA1"	"PHLDA1"	"12"	76025447	76031776	66.023	62.539	64.49	100.879	104.605	94.049	80.198
"PAWR"	"PAWR"	"12"	79584879	79691097	47.022	46.969	43.081	33.009	32.195	33.644	39.399
"TMTC3"	"TMTC3"	"12"	88142307	88199887	19.375	19.277	18.222	29.068	23.863	25.523	27.251
"KITLG"	"KITLG"	"12"	88492793	88580471	18.303	19.177	20.184	24.387	25.235	25.642	30.073
"LOC642969"	"LOC642969"	"12"	93639903	93641619	41.068	35.696	43.499	29.454	31.377	29.611	27.795
"SUCLG2P2"	"SUCLG2P2"	"12"	94548220	94550555	14.027	13.194	13.111	9.37	10.16	9.64	10.407
"LTA4H"	"LTA4H"	"12"	96000753	96043520	60.856	56.432	55.623	45.698	43.235	43.49	46.17
"TMPO-AS1"	"TMPO-AS1"	"12"	98512973	98516226	9.147	8.923	9.035	12.921	13.059	10.907	10.806
"TMPO"	"TMPO"	"12"	98515573	98550351	78.239	79.394	78.641	91.086	97.05	91.663	92.891
"SLC25A3"	"SLC25A3"	"12"	98593686	98606367	166.878	167.508	161.708	143.084	139.877	139.581	145.94
"IKBIP"	"IKBIP"	"12"	98613404	98644788	48.848	48.043	47.573	59.531	61.253	60.242	63.197
"GAS2L3"	"GAS2L3"	"12"	100573668	100628288	11.579	12.136	11.553	14.9	16.082	14.972	14.743
"PARPBP"	"PARPBP"	"12"	102120183	102197520	9.866	10.006	10.2	12.197	12.704	13.878	14.317
"LOC643576"	"LOC643576"	"12"	104030729	104032466	34.611	35.549	32.919	28.151	26.557	27.12	26.35
"RPL18AP3"	"RPL18AP3"	"12"	104265269	104265892	1400.822	1399.343	1432.99	1149.765	1117.119	1119.386	1197.648
"C12orf75-AS1"	"C12orf75-AS1"	"12"	105304867	105327017	0.731	0.386	0.684	1.564	1.857	1.401	1.129
"C12orf75"	"C12orf75"	"12"	105330691	105371518	394.943	389.266	381.664	478.017	513.781	442.379	451.647
"MTERF2"	"MTERF2"	"12"	106972856	106987166	1.313	1.375	1.396	1.981	2.065	1.814	1.898
"SSH1"	"SSH1"	"12"	108778191	108857606	27.472	27.598	29.243	21.403	21.422	22.494	22.648
"KCTD10"	"KCTD10"	"12"	109448655	109477300	62.685	62.619	63.821	49.76	53.521	51.002	55.56
"UBE3B"	"UBE3B"	"12"	109477410	109543628	13.995	13.544	13.468	11.677	11.033	12.327	11.288
"MMAB"	"MMAB"	"12"	109553715	109573580	8.7	8.24	8.662	6.959	6.585	6.816	6.422
"RPL31P49"	"RPL31P49"	"12"	110460960	110461335	2.136	3.384	2.249	5.517	3.872	4.65	4.396
"ALDH2"	"ALDH2"	"12"	111766933	111817532	2.033	2.063	1.837	1.017	1.074	0.38	0.54
"RITA1"	"RITA1"	"12"	113185560	113192368	35.959	35.504	37.504	32.984	31.551	31.416	30.186
"TPCN1"	"TPCN1"	"12"	113221429	113298589	29.431	28.217	26.842	23.509	20.179	21.836	20.924
"FBXW8"	"FBXW8"	"12"	116910949	117032498	10.186	9.67	9.616	8.394	7.687	8.307	8.098
"PEBP1"	"PEBP1"	"12"	118136124	118145584	375.125	375.148	380.777	327.062	321.226	324.255	327.438
"RPS2P5"	"RPS2P5"	"12"	118246061	118247002	1138.773	1131.751	1261.6	948.048	933.446	961.55	949.574
"RPLP0"	"RPLP0"	"12"	120196699	120201111	1553.084	1621.491	1565.324	1387.328	1291.632	1300.585	1357.16
"MLEC"	"MLEC"	"12"	120687149	120701859	74.945	75.448	74.693	65.175	61.253	64.59	68.15
"P2RX4"	"P2RX4"	"12"	121210096	121234106	10.389	8.697	9.97	5.627	5.381	6.905	6.508
"RHOF"	"RHOF"	"12"	121777754	121793688	7.685	8.419	8.257	5.699	4.664	5.227	4.751
"KNTC1"	"KNTC1"	"12"	122527106	122626409	13.465	15.424	14.502	18.061	21.441	20.68	18.762
"MPHOSPH9"	"MPHOSPH9"	"12"	123152324	123244014	8.924	9.442	8.986	12.561	12.834	12.617	11.288
"KMT5A"	"KMT5A"	"12"	123384132	123409353	20.605	21.632	21.582	30.557	31.474	29.222	25.848
"SCARB1"	"SCARB1"	"12"	124776856	124863864	29.478	28.295	30.364	19.688	24.62	19.855	21.047
"STX2"	"STX2"	"12"	130789600	130839274	12.358	12.049	11.976	14.642	14.6	14.589	15.132
"ULK1"	"ULK1"	"12"	131894622	131923150	21.571	21.794	22.707	19.929	17.974	18.823	17.552
"SKA3"	"SKA3"	"13"	21153595	21176565	30.949	28.821	31.779	44.409	46.675	38.849	40.387
"FTH1P7"	"FTH1P7"	"13"	22695862	22696783	74.563	71.536	68.881	58.575	47.219	53.095	53.405
"SACS"	"SACS"	"13"	23328827	23433728	24.036	24.543	24.182	30.643	29.077	31.508	36.018
"CENPJ"	"CENPJ"	"13"	24882279	24922889	5.126	5.295	5.36	7.258	8.364	7.105	7.58
"MTMR6"	"MTMR6"	"13"	25246222	25287512	30.17	31.41	29.018	38.416	40.866	36.374	35.625
"USP12"	"USP12"	"13"	27066154	27171811	23.092	21.505	20.933	28.695	25.838	29.127	30.214
"HSPH1"	"HSPH1"	"13"	31134973	31162388	65.239	65.579	66.535	80.045	76.202	74.906	80.472
"B3GLCT"	"B3GLCT"	"13"	31199975	31332276	15.309	15.739	16.788	19.189	20.307	20.794	19.9
"BRCA2"	"BRCA2"	"13"	32315508	32400268	4.212	4.175	4.315	5.547	5.834	5.447	5.726
"RFC3"	"RFC3"	"13"	33818075	33973946	11.72	11.316	12.181	15.973	15.078	14.397	15.059
"EXOSC8"	"EXOSC8"	"13"	37000373	37009614	46.172	51.629	52.486	61.35	62.032	60.417	62.934
"SLC25A15"	"SLC25A15"	"13"	40789611	40812460	13.914	13.543	14.801	17.597	16.538	16.655	16.545
"ELF1"	"ELF1"	"13"	40931919	41061386	15.991	16.166	15.368	13.618	12.405	12.585	13.565
"DNAJC15"	"DNAJC15"	"13"	43023586	43114213	10.584	10.435	10.63	7.691	9.331	7.632	8.42
"KCTD4"	"KCTD4"	"13"	45192853	45201045	4.348	4.027	4.069	2.324	2.399	1.943	2.788
"ST13P4"	"ST13P4"	"13"	50172018	50173616	6.73	7.604	8.402	6.039	5.281	5.38	5.556
"CKAP2"	"CKAP2"	"13"	52455429	52476627	96.257	94.49	95.034	126.817	138.764	115.681	112.143
"DIAPH3"	"DIAPH3"	"13"	59665583	60163928	25.924	26.481	25.729	32.487	33.864	28.923	31.485
"MZT1"	"MZT1"	"13"	72708367	72727629	47.661	47.878	46.531	60.854	63.535	59.276	65.007
"LMO7-AS1"	"LMO7-AS1"	"13"	75604700	75635994	1.354	1.55	0.951	0.483	0.737	0.354	0.348
"UGGT2"	"UGGT2"	"13"	95801580	96053437	13.999	12.859	12.319	18.601	17.665	16.073	15.73
"POGLUT2"	"POGLUT2"	"13"	102784281	102799009	18.066	18.274	17.511	33.057	27.074	27.276	25.142
"COL4A1"	"COL4A1"	"13"	110148963	110307157	133.144	133.696	113.29	198.892	173.876	189.769	195.368
"TMEM255B"	"TMEM255B"	"13"	113759217	113816995	8.506	8.697	8.527	4.054	4.725	5.526	4.983
"PARP2"	"PARP2"	"14"	20343041	20357904	31.015	28.219	31.01	38.586	36.608	37.241	39.164
"METTL3"	"METTL3"	"14"	21498138	21511340	22.991	22.246	24.801	29.263	31.119	31.574	30.43
"ABHD4"	"ABHD4"	"14"	22598298	22612963	39.414	37.219	40.896	24.24	19.019	22.299	20.218
"AJUBA"	"AJUBA"	"14"	22971177	22982551	71.717	72.307	74.871	46.159	49.32	50.202	50.338
"BCL2L2"	"BCL2L2"	"14"	23306833	23311751	22.058	20.68	21.341	24.783	26.525	25.128	23.667
"BNIP3P1"	"BNIP3P1"	"14"	28264410	28265974	41.413	40.789	33.737	24.27	19.491	20.69	21.43
"LOC107984684"	"LOC107984684"	"14"	28578052	28604811	0	0.045	0	0.137	0.14	0.09	0.176
"BTF3P2"	"BTF3P2"	"14"	28672982	28673841	4.949	5.507	5.899	4.325	4.063	4.066	3.764
"G2E3"	"G2E3"	"14"	30559136	30620064	12.792	11.403	12.674	15.122	15.354	15.033	14.897
"FBXO33"	"FBXO33"	"14"	39397684	39432433	15.632	15.653	15.072	13.582	12.414	13.241	13.222
"FANCM"	"FANCM"	"14"	45135930	45200890	3.697	3.671	3.59	4.916	4.863	4.654	4.918
"MIS18BP1"	"MIS18BP1"	"14"	45203190	45257190	11.025	10.963	10.536	13.6	14.443	13.274	13.283
"ATP5MC2P2"	"ATP5MC2P2"	"14"	49373912	49374534	0.258	0.113	0.151	0	0	0	0
"MGAT2"	"MGAT2"	"14"	49620799	49623481	68.727	68.479	67.475	82.515	81.784	75.746	81.084
"TMX1"	"TMX1"	"14"	51240247	51257655	38.869	39.043	36.972	47.13	42.958	44.08	45.7
"GNG2"	"GNG2"	"14"	51826174	51969800	6.065	5.312	4.906	13.868	8.234	10.721	9.781
"WDHD1"	"WDHD1"	"14"	54938949	55027106	16.073	16.693	16.105	18.079	19.379	19.253	19.656
"DLGAP5"	"DLGAP5"	"14"	55148130	55191585	84.918	81.389	79.015	116.919	130.48	124.677	116.723
"PSMA3-AS1"	"PSMA3-AS1"	"14"	58265365	58298137	9.269	8.918	8.141	11.245	11.417	10.914	12.411
"KIAA0586"	"KIAA0586"	"14"	58427400	58551297	7.41	7.435	7.097	9.227	9.612	9.542	8.585
"FUT8-AS1"	"FUT8-AS1"	"14"	65410592	65412617	2.26	2.477	2.087	6.39	3.45	4.28	4.759
"LINC02274"	"LINC02274"	"14"	73822559	73830135	0.274	0.422	0.4	0.061	0.062	0	0.059
"NPC2"	"NPC2"	"14"	74479935	74493512	256.986	245.467	246.822	213.949	224.298	217.297	226.362
"LTBP2"	"LTBP2"	"14"	74498183	74612593	33.396	34.48	33.568	25.428	30.018	24.583	26.207
"ACYP1"	"ACYP1"	"14"	75053243	75069490	10.594	9.551	11.493	18.872	17.271	17.781	16.85
"RPS24P2"	"RPS24P2"	"14"	75595736	75596243	108.452	113.414	103.194	86.175	83.407	86.04	95.436
"ERG28"	"ERG28"	"14"	75649791	75660876	22.467	22.183	24.216	19.393	17.51	18.87	19.205
"GSTZ1"	"GSTZ1"	"14"	77321002	77331597	7.562	6.953	6.395	5.834	4.868	5.159	4.708
"SAMD15"	"SAMD15"	"14"	77377379	77392163	1.992	1.658	1.543	2.685	2.489	2.578	2.446
"CEP128"	"CEP128"	"14"	80478321	80959501	2.388	2.584	2.549	3.437	3.398	3.258	3.436
"RPSAP4"	"RPSAP4"	"14"	94726212	94727245	1.631	0.889	1.726	0.415	0.282	0.541	0.333
"RPL3P4"	"RPL3P4"	"14"	98972823	98973301	1041.537	1049.314	1050.086	915.265	878.035	907.823	894.681
"WARS1"	"WARS1"	"14"	100333789	100376327	103.387	98.521	105.382	85.186	80.381	83.15	86.027
"PPP2R5C"	"PPP2R5C"	"14"	101760573	101927992	35.164	33.518	33.328	40.551	39.259	40.855	38.713
"TNFAIP2"	"TNFAIP2"	"14"	103121175	103137439	12.953	13.443	12.707	9.295	9.529	10.774	10.466
"EIF5"	"EIF5"	"14"	103334237	103345025	91.875	96.743	102.25	118.488	118.364	107.589	116.16
"CKB"	"CKB"	"14"	103519667	103522833	3.492	3.925	3.959	1.962	1.412	0.281	0.415
"NUDT14"	"NUDT14"	"14"	105172939	105181312	5.279	4.02	4.302	3.328	2.742	2.066	2.492
"TEDC1"	"TEDC1"	"14"	105489855	105499248	13.409	15.904	14.77	19.958	21.538	19.481	18.635
"ATP10A"	"ATP10A"	"15"	25672241	25865144	3.96	4.158	3.712	2.807	3.03	2.482	2.759
"KATNBL1"	"KATNBL1"	"15"	34140674	34210096	9.531	9.624	8.928	11.84	11.214	11.05	11.384
"TUBAP11"	"TUBAP11"	"15"	34848983	34850484	0	0	0	0.095	0.097	0.047	0.092
"GPR176"	"GPR176"	"15"	39795049	39920939	47.875	47.516	48.543	33.459	38.064	36.428	40.236
"SRP14"	"SRP14"	"15"	40035690	40039202	360.858	343.996	364.243	316.069	292.011	291.35	261.632
"BMF"	"BMF"	"15"	40087890	40108879	25.519	22.064	21.977	16.387	9.08	10.864	8.423
"BUB1B"	"BUB1B"	"15"	40161069	40221123	75.627	77.551	77.61	110.718	117.805	106.988	99.611
"KNSTRN"	"KNSTRN"	"15"	40382721	40394288	74.939	75.908	83.873	103.197	119.499	97.453	98.37
"KNL1"	"KNL1"	"15"	40594012	40664342	16.027	15.849	14.826	24.406	28.404	25.401	25.057
"RMDN3"	"RMDN3"	"15"	40735887	40755254	17.545	17.816	18.132	22.064	23.046	21.571	21.042
"GCHFR"	"GCHFR"	"15"	40764068	40767708	3.756	4.862	4.911	2.263	2.103	1.828	1.326
"SPINT1"	"SPINT1"	"15"	40844048	40858207	0.821	1.377	1.26	0.183	0.302	0.581	0.484
"OIP5"	"OIP5"	"15"	41309273	41332591	23.472	23.839	21.59	34.842	34.795	31.444	34.863
"NUSAP1"	"NUSAP1"	"15"	41332841	41381050	96.124	97.756	93.19	136.39	146.003	127.386	124.232
"CCNDBP1"	"CCNDBP1"	"15"	43185118	43197177	18.353	17.301	16.169	14.891	12.565	12.511	13.436
"SLC24A5"	"SLC24A5"	"15"	48120990	48142672	0.157	0.217	0.183	0	0	0	0.019
"CEP152"	"CEP152"	"15"	48662534	48811904	2.082	2.022	2.218	2.96	3.443	3.189	2.84
"MYO5C"	"MYO5C"	"15"	52192318	52295804	5.211	5.63	4.952	2.121	3.191	3.246	3.354
"PIGBOS1"	"PIGBOS1"	"15"	55317184	55348725	7.923	8.559	8.636	10.692	10.773	10.401	10.242
"C15orf65"	"C15orf65"	"15"	55408495	55418798	3.331	4.561	3.139	6.016	5.032	5.559	6.03
"MNS1"	"MNS1"	"15"	56428724	56465137	9.772	10.029	9.117	12.967	11.512	11.747	11.331
"CGNL1"	"CGNL1"	"15"	57376458	57550723	1.812	1.683	1.704	1.135	1.155	1.189	1.007
"CCNB2"	"CCNB2"	"15"	59105146	59125045	125.001	130.505	138.332	160.56	188.904	178.594	154.393
"RPS3AP6"	"RPS3AP6"	"15"	59768330	59769188	420.725	409.093	436.158	367.813	360.452	361.717	362.448
"LACTB"	"LACTB"	"15"	63121806	63142062	46.777	44.084	39.301	28.683	25.876	29.925	34.371
"RPS27L"	"RPS27L"	"15"	63148249	63157477	45.256	43.792	42.084	31.422	30.324	30.446	33.509
"GAPDHP61"	"GAPDHP61"	"15"	64528468	64529740	11.04	10.718	9.668	5.9	6.176	5.768	7.844
"RPL4"	"RPL4"	"15"	66498015	66504855	828.345	818.776	834.245	687.332	672.91	682.599	717.451
"ZWILCH"	"ZWILCH"	"15"	66505126	66550130	44.788	46.673	46.526	59.119	58.691	58.5	57.745
"PAQR5"	"PAQR5"	"15"	69284134	69407780	0.766	0.864	1.028	0.433	0.432	0.366	0.537
"KIF23"	"KIF23"	"15"	69414325	69448427	88.734	91.738	90.726	132.603	137.915	122.767	114.886
"THSD4"	"THSD4"	"15"	71096894	71783383	8.666	8.582	8.82	13.382	11.345	12.837	11.866
"PKM"	"PKM"	"15"	72199029	72231389	1860.203	1888.195	1918.731	1622.083	1567.964	1609.611	1531.343
"ADPGK"	"ADPGK"	"15"	72751294	72783776	18.817	19.676	19.063	24.236	24.486	23.307	22.885
"NPTN"	"NPTN"	"15"	73560014	73633389	106.307	103.59	108.323	153.219	127.519	136.432	126.283
"CD276"	"CD276"	"15"	73683966	73714518	69.9	69.63	78.747	112.15	91.104	105.223	93.999
"LOXL1"	"LOXL1"	"15"	73926462	73952137	260.291	260.789	260.177	226.398	204.434	214.314	181.644
"PML"	"PML"	"15"	73994716	74047827	13.673	13.896	13.903	11.606	10.869	10.889	9.749
"MPI"	"MPI"	"15"	74890042	74902219	10.281	10.432	10.35	6.263	5.607	6.955	5.866
"SNX33"	"SNX33"	"15"	75647912	75662301	17.132	16.449	16.413	13.203	14.311	13.835	12.548
"CIB2"	"CIB2"	"15"	78104606	78131976	2.272	2.133	2.091	1.43	1.263	0.976	1.299
"CHRNA5"	"CHRNA5"	"15"	78565520	78595269	6.406	6.81	5.575	9.437	9.605	9.516	11.253
"ARNT2"	"ARNT2"	"15"	80404382	80597933	36.358	35.796	37.23	27.755	23.349	26.277	24.884
"LOC105370924"	"LOC105370924"	"15"	82096582	82099672	0.394	0.52	0	1.052	2.141	1.2	1.35
"FANCI"	"FANCI"	"15"	89243973	89317259	47.718	48.825	49.36	68.801	73.189	65.182	62.388
"TICRR"	"TICRR"	"15"	89575469	89628023	6.259	6.571	7.183	8.515	9.224	9.283	8.157
"HSPE1P3"	"HSPE1P3"	"15"	90634671	90635219	11.118	12.104	11.636	13.16	14.852	15.286	15.554
"BLM"	"BLM"	"15"	90717346	90816166	8.544	8.294	8.315	10.031	10.55	9.831	11.414
"PRC1"	"PRC1"	"15"	90966038	90994576	197.131	199.867	210.905	262.976	298.525	276.277	246.944
"SLCO3A1"	"SLCO3A1"	"15"	91853708	92172435	8.548	8.927	8.632	10.264	10.328	10.086	10.185
"LOC440311"	"LOC440311"	"15"	94855363	94857066	7.682	8.588	7.664	5.583	6.152	6.361	5.254
"IGF1R"	"IGF1R"	"15"	98648539	98964530	9.078	9.541	8.937	7.69	7.447	6.846	7.209
"MEF2A"	"MEF2A"	"15"	99565417	99716488	25.079	21.66	21.631	16.912	15.573	15.217	15.773
"SELENOS"	"SELENOS"	"15"	101270809	101277485	38.886	36.292	36.847	47.966	45.311	41.756	44.805
"MPG"	"MPG"	"16"	77007	85846	69.23	68.385	66.279	58.212	52.009	53.384	52.109
"FBXL16"	"FBXL16"	"16"	692500	707853	17.462	16.507	17.953	9.769	13.013	10.626	10.287
"METRN"	"METRN"	"16"	715118	719655	56.184	60.052	58.625	49.568	47.994	46.356	46.892
"RPS2"	"RPS2"	"16"	1962058	1964826	1274.109	1307.095	1383.156	1061.001	1069.616	1100.51	1077.441
"CCNF"	"CCNF"	"16"	2429447	2458854	33.549	36.9	36.868	47.112	53.423	45.234	41.727
"ATP6V0C"	"ATP6V0C"	"16"	2513726	2520218	337.042	328.805	344.335	272.304	277.018	289.148	295.75
"HCFC1R1"	"HCFC1R1"	"16"	3022620	3024286	64.278	64.427	76.789	36.822	42.3	46.455	33.107
"LINC00921"	"LINC00921"	"16"	3263768	3267567	0.164	0.145	0.192	0.059	0.03	0.057	0.085
"TIGD7"	"TIGD7"	"16"	3298808	3305430	3.639	4.05	3.433	6.001	5.15	6.092	5.455
"ADCY9"	"ADCY9"	"16"	3953387	4116442	8.752	8.812	8.696	7.532	6.329	6.662	6.712
"LITAF"	"LITAF"	"16"	11547722	11636377	38.278	37.049	37.262	34.093	29.863	30.502	30.648
"ERI2"	"ERI2"	"16"	20780193	20806472	7.504	8.236	8.264	9.932	10.559	9.61	10.479
"PLK1"	"PLK1"	"16"	23678889	23690367	147.089	160.236	179.847	219.394	272.233	246.063	211.157
"RBBP6"	"RBBP6"	"16"	24539566	24572863	22.125	20.524	20.06	24.119	25.378	24.704	24.45
"IL4R"	"IL4R"	"16"	27313668	27364778	9.932	10.909	11.086	14.499	13.686	13.766	12.751
"SBK1"	"SBK1"	"16"	28258628	28323849	0.397	0.398	0.369	0.207	0.05	0.119	0.082
"NUPR1"	"NUPR1"	"16"	28532708	28538974	13.207	11.797	14.044	6.758	4.713	7.432	6.648
"KIF22"	"KIF22"	"16"	29790734	29805543	61.231	66.107	67.483	87.253	93.499	86.419	78.744
"MAZ"	"MAZ"	"16"	29806081	29811171	182.104	196.566	202.982	251.952	245.037	238.101	214.697
"MVP"	"MVP"	"16"	29820394	29848039	129.679	135.415	126.836	101.879	97.169	98.792	106.277
"TMEM219"	"TMEM219"	"16"	29962079	29973048	43.835	44.257	40.948	36.456	34.869	36.647	36.462
"LOC112694756"	"LOC112694756"	"16"	30053151	30070414	1002.38	1052.541	997.102	798.059	783.227	792.844	745.542
"ALDOA"	"ALDOA"	"16"	30064279	30070420	1280.36	1344.499	1276.228	1026.958	1005.971	1018.781	957.946
"MAPK3"	"MAPK3"	"16"	30114105	30123309	62.339	60.288	67.524	49.286	44.988	49.207	45.922
"CORO1A"	"CORO1A"	"16"	30183602	30189076	7.98	7.796	8.634	5.834	5.98	4.74	6.21
"FBXL19-AS1"	"FBXL19-AS1"	"16"	30919319	30923269	1.931	2.075	2.092	3.259	3.132	3.151	2.893
"SHCBP1"	"SHCBP1"	"16"	46578591	46621379	37.589	38.647	38.599	58.16	58.832	50.902	53.456
"ORC6"	"ORC6"	"16"	46689656	46698394	34.186	34.823	37.465	46.183	47.763	43.042	44.916
"GPT2"	"GPT2"	"16"	46884362	46931289	14.778	15.544	14.812	12.751	11.22	12.791	11.528
"NETO2"	"NETO2"	"16"	47077703	47144025	43.935	46.4	45.321	63.062	52.085	61.527	57.583
"BBS2"	"BBS2"	"16"	56470403	56520095	19.466	16.703	18.759	14.605	14.397	14.166	13.287
"MT1JP"	"MT1JP"	"16"	56635739	56637086	5.118	5.891	5.757	1.578	3.033	2.228	3.038
"MT1X"	"MT1X"	"16"	56682470	56684196	74.547	81.366	82.552	50.284	65.594	53.662	58.127
"HERPUD1"	"HERPUD1"	"16"	56932142	56944864	45.04	43.634	40.503	31.716	25.747	28.606	29.135
"MMP15"	"MMP15"	"16"	58025754	58046901	9.273	9.015	10.292	6.762	3.567	5.578	5.103
"CKLF"	"CKLF"	"16"	66552563	66566287	61.048	57.159	59.034	72.417	77.721	69.382	67.005
"CMTM3"	"CMTM3"	"16"	66603996	66613892	45.024	44.517	44.253	37.45	34.911	36.506	32.12
"GFOD2"	"GFOD2"	"16"	67674533	67719316	7.041	6.742	6.775	8.85	8.777	8.499	8.72
"CENPT"	"CENPT"	"16"	67828157	67847693	11.837	11.561	13.847	16.57	20.862	19.465	15.852
"HAS3"	"HAS3"	"16"	69105653	69118719	5.418	5.139	5.297	10.573	10.101	8.041	7.433
"WWP2"	"WWP2"	"16"	69762301	69941741	14.059	14.207	15.034	11.802	12.533	12.685	12.207
"AARS1"	"AARS1"	"16"	70252295	70289509	101.492	105.7	105.243	85.513	85.299	89.006	89.768
"IL34"	"IL34"	"16"	70579899	70660682	0.767	0.338	0.408	0.124	0.063	0.091	0.03
"RFWD3"	"RFWD3"	"16"	74621396	74666892	31.959	33.312	35.32	39.407	44.002	39.858	39.206
"CENPN"	"CENPN"	"16"	81007214	81033107	33.838	34.469	36.994	49.021	50.352	45.176	44.631
"CMIP"	"CMIP"	"16"	81444808	81711762	16.888	17.828	18.47	13.491	14.678	15.479	14.581
"CDH13"	"CDH13"	"16"	82626823	83800640	12.501	11.745	11.997	21.503	14.992	19.824	16.627
"OSGIN1"	"OSGIN1"	"16"	83953240	83966332	4.429	5.37	6.159	10.607	8.977	8.114	10.462
"COX4I1"	"COX4I1"	"16"	85799695	85807068	334.071	337.84	345.179	300.66	285.69	289.66	301.121
"FOXL1"	"FOXL1"	"16"	86578549	86583478	4.529	4.431	4.021	6.95	6.483	5.532	5.657
"MAP1LC3B"	"MAP1LC3B"	"16"	87392336	87404774	112.369	104.738	106.987	90.988	89.452	89.933	91.864
"SLC7A5"	"SLC7A5"	"16"	87830022	87869507	238.78	259.029	268.377	153.459	177.556	156.588	185.974
"LOC107984862"	"LOC107984862"	"16"	88260554	88265134	0.062	0.027	0.181	0.387	0.281	0.324	0.426
"ZNF469"	"ZNF469"	"16"	88382959	88440753	3.328	3.436	3.118	7.789	7.057	7.923	7.76
"CYBA"	"CYBA"	"16"	88643289	88651079	0.439	0.607	0.586	0.084	0	0.055	0.161
"LOC101930112"	"LOC101930112"	"16"	89490733	89499285	0.52	0.648	0.861	1.543	1.846	1.396	1.114
"RPL13"	"RPL13"	"16"	89560657	89566829	244.334	256.607	231.408	206.873	196.825	187.797	204.412
"CPNE7"	"CPNE7"	"16"	89575758	89597246	12.596	13.562	13.436	9.193	10.614	10.002	9.897
"FANCA"	"FANCA"	"16"	89737549	89816647	10.861	10.52	11.474	12.913	15.309	13.745	13.891
"DBNDD1"	"DBNDD1"	"16"	90004871	90019890	29.201	29.05	31.17	19.208	21.16	23.365	19.909
"DPH1"	"DPH1"	"17"	2030112	2043898	29.405	28.731	31.38	25.751	25.592	24.053	25.918
"RAP1GAP2"	"RAP1GAP2"	"17"	2755686	3037741	3.386	3.165	3.527	8.659	11.511	11.497	10.44
"SPNS2"	"SPNS2"	"17"	4498881	4539035	0.846	1.328	1.471	0.306	0.352	0.159	0.275
"ARRB2"	"ARRB2"	"17"	4710619	4721500	21.997	21.114	25.191	16.174	17.685	18.102	16.059
"NLRP1"	"NLRP1"	"17"	5501396	5584509	3.529	3.674	3.712	1.712	2.316	1.903	2.507
"PIMREG"	"PIMREG"	"17"	6444455	6451469	33.77	34.043	36.844	46.808	55.097	46.154	43.961
"TP53"	"TP53"	"17"	7668421	7687490	75.586	77.94	76.209	59.962	52.801	62.536	51.712
"CNTROB"	"CNTROB"	"17"	7932054	7949920	19.221	19.256	20.221	23.321	28.024	25.986	23.478
"COX10-DT"	"COX10-DT"	"17"	14029292	14069458	2.024	2.364	1.74	3.569	3.183	2.698	3.188
"PMP22"	"PMP22"	"17"	15229779	15265326	54.26	53.453	57.342	68.353	68.456	73.073	65.042
"SNHG29"	"SNHG29"	"17"	16438987	16470648	456.557	468.715	454.649	343.097	350.296	362.704	385.879
"SNORD49B"	"SNORD49B"	"17"	16439509	16439556	195.76	217.968	217.252	123.689	166.839	158.807	157.818
"RPL13P12"	"RPL13P12"	"17"	17383355	17384063	866.778	911.122	861.555	738.512	736.648	705.451	728.191
"SREBF1"	"SREBF1"	"17"	17811334	17837017	22.01	23.537	20.836	14.442	13.899	14.861	12.208
"SCDP1"	"SCDP1"	"17"	20784374	20789614	0.95	1.173	0.896	0.505	0.556	0.574	0.407
"MAP2K3"	"MAP2K3"	"17"	21284679	21315240	55.035	58	62.564	45.078	46.894	47.298	49.556
"SPAG5"	"SPAG5"	"17"	28577574	28599025	62.493	64.904	68.438	90.33	104.185	97.087	84.618
"RPL23A"	"RPL23A"	"17"	28719985	28724359	189.685	192.108	195.351	171.895	168.571	173.752	168.402
"SNORD4A"	"SNORD4A"	"17"	28722582	28722653	3.346	3.927	2.61	5.961	7.078	5.828	6.695
"FLOT2"	"FLOT2"	"17"	28879339	28897733	63.919	67.21	66.276	55.241	56.1	56.862	57.458
"MYO18A"	"MYO18A"	"17"	29071122	29180398	40.334	40.717	41.06	27.976	28.037	28.08	24.879
"TIAF1"	"TIAF1"	"17"	29073521	29075609	34.447	35.668	38.046	24.859	25.51	25.141	21.428
"EVI2B"	"EVI2B"	"17"	31303770	31314149	4.884	4.5	5.98	10.432	8.888	8.738	7.263
"AK4P1"	"AK4P1"	"17"	31345316	31347701	3.501	2.311	2.205	1.499	1.22	1.143	0.722
"RPL23"	"RPL23"	"17"	38847860	38853721	393.248	386.169	398.736	357.469	339.314	331.448	355.578
"LASP1"	"LASP1"	"17"	38870058	38921770	294.476	295.296	305.995	234.368	259.679	244.27	249.706
"RPL19"	"RPL19"	"17"	39200283	39204732	1323.333	1312.712	1363.267	1192.368	1152.864	1129.078	1194.406
"TOP2A"	"TOP2A"	"17"	40388525	40417902	210.689	222.396	207.883	322.656	315.552	262.044	255.595
"ATP6V0A1"	"ATP6V0A1"	"17"	42458874	42522579	14.449	15.928	15.236	12.392	11.435	12.105	12.497
"COASY"	"COASY"	"17"	42562148	42566277	53.228	52.527	56.088	45.273	45.285	47.027	44.531
"WNK4"	"WNK4"	"17"	42779701	42797066	2.033	2.169	2.324	0.425	1.019	0.107	0.555
"IFI35"	"IFI35"	"17"	43006784	43014459	21.12	19.243	22.101	15.099	13.608	14.116	13.117
"VAT1"	"VAT1"	"17"	43014607	43022385	129.618	129.886	131.157	103.201	86.073	95.145	91.217
"BRCA1"	"BRCA1"	"17"	43044295	43125364	21.389	20.223	21.804	26.299	27.099	26.272	27.164
"ETV4"	"ETV4"	"17"	43527843	43546340	5.153	5.422	6.339	7.121	9.798	9.103	9.802
"DUSP3"	"DUSP3"	"17"	43766125	43778977	56.483	55.414	52.491	44.875	47.326	45.342	47.121
"HDAC5"	"HDAC5"	"17"	44076753	44123651	15.57	16.32	17.244	10.976	9.769	9.492	8.589
"FZD2"	"FZD2"	"17"	44557484	44561262	68.729	70.842	68.291	59.549	59.548	59.792	52.228
"KIF18B"	"KIF18B"	"17"	44924711	44947773	17.655	18.897	19.685	24.91	31.648	28.782	23.518
"PLCD3"	"PLCD3"	"17"	45108959	45132524	26.855	27.621	27.615	17.807	19.945	20.259	19.148
"ACBD4"	"ACBD4"	"17"	45132600	45144181	3.042	3.347	3.102	1.615	2.139	1.969	1.505
"HEXIM1"	"HEXIM1"	"17"	45148475	45152099	61.015	61.78	60.67	51.403	48.582	51.664	48.956
"CDC27"	"CDC27"	"17"	47117703	47189295	50.317	50.253	48.973	57.324	55.912	54.528	58.959
"PNPO"	"PNPO"	"17"	47941571	47949308	27.1	27.867	27.714	23.299	24.31	22.226	24.507
"NFE2L1"	"NFE2L1"	"17"	48048359	48061545	189.45	182.64	191.29	240.572	223.672	222.671	215.284
"ACSF2"	"ACSF2"	"17"	50426218	50474845	13.21	11.248	10.146	6.653	4.029	5.402	5.32
"SPATA20"	"SPATA20"	"17"	50547174	50555852	35.661	34.781	36.929	28.543	25.666	26.527	25.226
"SPAG9"	"SPAG9"	"17"	50962174	51120868	33.416	32.025	32.33	39.844	39.788	39.528	39.953
"MMD"	"MMD"	"17"	55392617	55421886	6.608	6.312	5.691	9.718	8.132	8.595	10.151
"SUPT4H1"	"SUPT4H1"	"17"	58345178	58352201	104.998	104.615	106.872	94.382	91.174	88.567	91.929
"PRR11"	"PRR11"	"17"	59155355	59206709	56.566	57.036	61.446	79.794	97.988	88.215	80.603
"SMG8"	"SMG8"	"17"	59210035	59215230	17.828	19.621	18.842	23.096	21.224	22.059	21.808
"WFDC21P"	"WFDC21P"	"17"	60083566	60088467	1.035	1.252	1.059	0.576	0.117	0	0.444
"LOC653653"	"LOC653653"	"17"	60101760	60102919	9.554	9.446	8.666	11.655	11.046	12.841	13.001
"POLG2"	"POLG2"	"17"	64477785	64497054	5.28	4.871	4.513	6.33	6.305	7.161	6.138
"DDX5"	"DDX5"	"17"	64498254	64506866	210.416	195.834	201.964	224.07	236.656	235.917	234.04
"KPNA2"	"KPNA2"	"17"	68035735	68046854	351.637	367.962	366.59	496.296	526.388	461.415	444.043
"LINC01483"	"LINC01483"	"17"	69593987	69903000	1.354	1.589	1.583	4.621	5.931	3.34	4.933
"SLC9A3R1"	"SLC9A3R1"	"17"	74748628	74769353	112.06	115.138	117.652	75.475	81.182	82.647	84.476
"NUP85"	"NUP85"	"17"	75205557	75235758	18.867	19.252	21.154	23.762	24.779	25.056	24.829
"ITGB4"	"ITGB4"	"17"	75721339	75757819	3.43	2.978	3.232	1.574	1.135	0.979	0.602
"WBP2"	"WBP2"	"17"	75845699	75856436	96.596	92.176	107.898	74.655	68.35	67.779	64.37
"PRPSAP1"	"PRPSAP1"	"17"	76309478	76354198	21.431	21.339	21.122	23.199	26.108	25.214	25.727
"ST6GALNAC2"	"ST6GALNAC2"	"17"	76565377	76585860	1.265	0.965	0.888	0.338	0.421	0.551	0.506
"MXRA7"	"MXRA7"	"17"	76672551	76710965	45.71	43.952	45.907	39.872	35.955	36.847	36.32
"MGAT5B"	"MGAT5B"	"17"	76868404	76950393	5.762	6.051	6.33	2.187	2.925	3.456	3.326
"SEC14L1"	"SEC14L1"	"17"	77088685	77217101	55.119	55.851	57.216	48.407	45.024	44.919	48.807
"SEPTIN9"	"SEPTIN9"	"17"	77281499	77500596	255.928	263.146	271.63	201.927	203.224	203.136	200.484
"SYNGR2"	"SYNGR2"	"17"	78168545	78172964	69.325	71.223	72.023	62.398	56.633	60.479	63.841
"BIRC5"	"BIRC5"	"17"	78214253	78225635	132.108	147.074	150.823	185.246	193.751	182.654	178.394
"ACTG1"	"ACTG1"	"17"	81509971	81512799	8703.615	9003.752	8660.441	6211.344	6840.416	7194.889	7675.333
"TSPAN10"	"TSPAN10"	"17"	81637196	81648755	18.694	21.198	20.867	13.571	13.375	14.11	13.034
"PCYT2"	"PCYT2"	"17"	81900958	81911432	14.554	14.959	15.432	12.151	13.321	12.629	12.656
"MAFG"	"MAFG"	"17"	81918270	81927735	16.683	15.819	16.302	23.332	21.243	23.108	22.543
"SLC16A3"	"SLC16A3"	"17"	82217951	82240086	308.964	326.518	303.857	242.318	261.891	237.727	256.246
"SECTM1"	"SECTM1"	"17"	82321024	82333951	2.784	2.704	2.433	1.026	0.928	1.17	1.482
"NDC80"	"NDC80"	"18"	2571557	2616635	65.806	65.871	63.589	108.676	104.033	87.762	89.014
"SMCHD1"	"SMCHD1"	"18"	2655726	2805017	21.014	20.431	19.706	23.514	24.184	23.072	25.279
"GACAT2"	"GACAT2"	"18"	8695856	8707621	1.571	1.469	1.263	0.874	0.623	0.513	0.589
"RBBP8"	"RBBP8"	"18"	22914121	23026486	38.06	39.167	39.201	46.549	45.18	44.299	49.073
"KCTD1"	"KCTD1"	"18"	26454910	26657473	7.152	6.835	6.693	9.63	9.161	8.38	8.347
"SLC39A6"	"SLC39A6"	"18"	36108531	36129340	45.896	45.013	45.072	62.942	56.281	58.878	58.947
"TPGS2"	"TPGS2"	"18"	36777647	36829003	38.192	37.32	39.619	31.516	30.779	33.29	31.966
"C18orf54"	"C18orf54"	"18"	54357906	54382035	6.446	7.149	6.717	8.128	9.079	7.974	8.615
"RAB27B"	"RAB27B"	"18"	54717842	54895516	1.447	1.301	1.452	3.063	2.15	2.588	2.128
"ATP8B1"	"ATP8B1"	"18"	57646426	57803822	137.534	137.186	127.747	98.339	112.512	101.89	115.196
"RPL30P14"	"RPL30P14"	"18"	61404826	61405275	0.714	0.471	0.626	0.159	0.324	0.155	0.153
"TNFRSF11A"	"TNFRSF11A"	"18"	62325310	62391288	10.447	10.801	11.187	12.37	14.883	15.524	15.15
"SERPINB2"	"SERPINB2"	"18"	63887705	63903890	31.309	35.892	45.045	132.355	138.115	94.943	148.312
"CNDP2"	"CNDP2"	"18"	74496363	74523454	35.539	35.759	34.478	28.137	29.293	28.721	29.695
"ZNF407-AS1"	"ZNF407-AS1"	"18"	74591774	74597835	3.075	3.235	3.029	4.612	4.38	4.469	3.925
"HSBP1L1"	"HSBP1L1"	"18"	79964643	79970822	30.423	31.191	35.452	25.332	24.408	23.954	27.486
"SHC2"	"SHC2"	"19"	416589	461033	0.549	0.505	0.321	0.156	0.091	0.087	0.064
"LOC101928450"	"LOC101928450"	"19"	781002	782708	0.434	0.477	0.254	0	0	0	0
"CNN2"	"CNN2"	"19"	1026608	1039065	629.859	621.785	634.141	434.779	432.831	476.193	491.37
"GPX4"	"GPX4"	"19"	1103994	1106779	389.578	392.271	375.054	336.25	282.811	306.907	302.938
"NDUFS7"	"NDUFS7"	"19"	1383904	1395584	25.22	26.844	27.654	22.224	22.916	22.636	20.169
"BTBD2"	"BTBD2"	"19"	1985438	2015714	70.157	68.484	73.788	55.41	53.823	58.776	55.549
"OAZ1"	"OAZ1"	"19"	2269486	2273488	842.933	853.579	860.091	753.861	740.054	747.519	791.666
"GADD45B"	"GADD45B"	"19"	2476127	2478259	87.05	86.86	82.386	50.236	54.432	54.547	63.216
"DIRAS1"	"DIRAS1"	"19"	2714567	2721372	17.734	17.011	17.925	8.705	10.203	9.762	12.438
"NCLN"	"NCLN"	"19"	3185930	3209575	78.98	83.985	83.48	101.776	101.805	105.014	97.891
"EEF2"	"EEF2"	"19"	3976056	3985463	1787.025	1878.425	1837.883	1626.021	1626.756	1591.244	1685.796
"UBXN6"	"UBXN6"	"19"	4445006	4458759	87.613	86.799	78.992	73.973	63.587	67.01	68.892
"TICAM1"	"TICAM1"	"19"	4815932	4831712	17.086	16.857	18.096	14.018	15.108	15.164	14.651
"LONP1"	"LONP1"	"19"	5691834	5720452	75.263	78.716	75.874	62.517	59.2	63.217	64.036
"NDUFA11"	"NDUFA11"	"19"	5891229	5903790	57.27	59.82	61.575	51.553	50.436	49.235	45.636
"TNFSF9"	"TNFSF9"	"19"	6531026	6535924	5.603	6.23	5.75	8.93	8.287	8.26	7.333
"PRR36"	"PRR36"	"19"	7868719	7874390	0.899	1.06	0.883	0.336	0.277	0.485	0.601
"CERS4"	"CERS4"	"19"	8209329	8262433	1.225	1.384	1.46	0.206	0.21	0.06	0.02
"ANGPTL4"	"ANGPTL4"	"19"	8364129	8374373	3.862	3.941	5.67	16.758	12.736	10.875	20.255
"ZNF121"	"ZNF121"	"19"	9560329	9584544	2.349	2.575	2.553	3.138	3.144	3.628	3.439
"KRI1"	"KRI1"	"19"	10553085	10566031	16.436	17.45	18.914	22.315	23.098	23.35	20.98
"SPC24"	"SPC24"	"19"	11145493	11155997	27.573	30.774	28.644	37.619	42.752	39.737	34.445
"RPL18AP13"	"RPL18AP13"	"19"	11521931	11522550	0.518	0.228	0.455	0	0	0	0
"RPL10P16"	"RPL10P16"	"19"	12643212	12643960	808.264	808.666	809.899	706.521	619.063	633.137	707.875
"TNPO2"	"TNPO2"	"19"	12699201	12723932	35.126	36.952	40.072	48.186	54.619	53.863	44.78
"JUNB"	"JUNB"	"19"	12791486	12793315	86.587	79.538	73.874	44.013	36.918	46.278	50.84
"PRDX2"	"PRDX2"	"19"	12796823	12801800	370.997	362.097	393.256	315.74	285.228	315.268	316.485
"PKN1"	"PKN1"	"19"	14433306	14471859	104.863	111.575	111.327	95.63	97.238	98.035	96.733
"AKAP8L"	"AKAP8L"	"19"	15380050	15418988	25.598	26.075	24.388	29.969	31.389	30.847	30.003
"RPL23AP2"	"RPL23AP2"	"19"	15611641	15612600	24.261	24.816	23.976	17.957	16.608	19.013	20.086
"HAUS8"	"HAUS8"	"19"	17049729	17075533	17.919	18.671	19.004	23.988	26.616	22.136	23.326
"SLC27A1"	"SLC27A1"	"19"	17468745	17506169	8.554	8.003	8.396	6.446	5.711	5.573	4.633
"PGLS"	"PGLS"	"19"	17511649	17521288	75.531	72.936	72.417	63.654	64.496	59.874	61.419
"COLGALT1"	"COLGALT1"	"19"	17555649	17583159	96.725	108.249	105.433	123.351	116.402	132.49	125.793
"IFI30"	"IFI30"	"19"	18173813	18178117	8.291	9.373	8.082	5.285	3.832	4.672	6.552
"JUND"	"JUND"	"19"	18279694	18281622	140.015	143.473	137.633	111.95	94.956	98.067	83.681
"FKBP8"	"FKBP8"	"19"	18531763	18543573	236.466	230.703	247.484	198.71	187.608	189.19	176.017
"CRTC1"	"CRTC1"	"19"	18683621	18782333	3.627	3.683	3.641	2.798	2.906	2.636	2.792
"RFXANK"	"RFXANK"	"19"	19192258	19201869	43.342	43.982	47.743	38.063	35.072	36.684	39.463
"RPSAP58"	"RPSAP58"	"19"	23758496	23871188	46.582	47.257	45.63	37.368	34.951	35.7	39.498
"PEPD"	"PEPD"	"19"	33386950	33521791	39.293	42.853	43.747	32.633	29.243	30.438	30.804
"GARRE1"	"GARRE1"	"19"	34254554	34355566	6.709	6.752	6.554	5.054	5.253	5.57	5.216
"GPI"	"GPI"	"19"	34353330	34402413	46.559	46.392	47.301	32.504	38.151	32.665	30.202
"ZNF302"	"ZNF302"	"19"	34677648	34686396	7.662	7.37	7.301	9.278	8.758	9.07	8.418
"DMKN"	"DMKN"	"19"	35497220	35513678	2.069	2.497	1.921	1.33	0.793	1.077	0.987
"SBSN"	"SBSN"	"19"	35523367	35528371	0.601	0.423	0.89	2.674	1.815	3.8	2.781
"UPK1A"	"UPK1A"	"19"	35666517	35678481	0.059	0.052	0.069	0	0	0	0
"HSPB6"	"HSPB6"	"19"	35754566	35757029	7.041	6.343	7.85	4.115	3.191	2.922	2.877
"CLIP3"	"CLIP3"	"19"	36014660	36032873	31.72	29.287	26.737	18.534	10.931	12.557	9.934
"CAPNS1"	"CAPNS1"	"19"	36140066	36150353	401.59	400.972	404.102	356.775	338.783	350.443	331.02
"ZNF790-AS1"	"ZNF790-AS1"	"19"	36797550	36828111	0.838	1.207	1.248	0.407	0.622	0.531	0.261
"SPINT2"	"SPINT2"	"19"	38264573	38292615	52.764	55.993	51.815	28.265	32.304	18.933	21.337
"LRFN1"	"LRFN1"	"19"	39306566	39320863	1.492	1.35	1.62	0.664	0.715	0.52	0.439
"SERTAD1"	"SERTAD1"	"19"	40421589	40425992	19.384	19.539	19.79	17.025	15.825	17.349	16.589
"BCKDHA"	"BCKDHA"	"19"	41397818	41425002	35.638	34.291	36.295	25.5	22.108	23.284	18.936
"RPS19"	"RPS19"	"19"	41860255	41872925	407.834	428.225	407.631	347.446	345.504	347.718	359.007
"PSG4"	"PSG4"	"19"	43192702	43205638	1.261	1.641	1.635	0.635	0.547	0.764	1.011
"ETHE1"	"ETHE1"	"19"	43506719	43527201	106.785	111.013	124.48	79.147	81.094	78.416	73.266
"CADM4"	"CADM4"	"19"	43622368	43641984	23.175	22.253	20.098	15.853	9.878	11.482	11.369
"PLAUR"	"PLAUR"	"19"	43646095	43670197	49.112	51.192	57.331	67.07	79.381	66.529	74.365
"BCAM"	"BCAM"	"19"	44809059	44821421	19.428	19.471	19.304	13.301	12.477	12.984	10.738
"APOC1"	"APOC1"	"19"	44914325	44919346	1.365	1.802	1.71	0	0.442	0.339	0.334
"KLC3"	"KLC3"	"19"	45340750	45351548	0.322	0.441	0.335	0.096	0.13	0	0.061
"PPP1R13L"	"PPP1R13L"	"19"	45379634	45406361	47.597	46.678	45.426	34.524	37.215	41.508	38.281
"RTN2"	"RTN2"	"19"	45485294	45497047	11.796	10.849	9.419	7.833	6.499	5.905	6.481
"DMPK"	"DMPK"	"19"	45769709	45782490	21.06	20.112	19.962	13.469	14.388	13.86	10.771
"PPP5C"	"PPP5C"	"19"	46347069	46390975	83.896	83.036	89.754	97.781	97.816	96.356	96.138
"NOP53"	"NOP53"	"19"	47745546	47757058	143.215	146.555	139.921	114.906	106.783	108.667	107.466
"LMTK3"	"LMTK3"	"19"	48485271	48513926	1.115	0.866	0.762	0.438	0.105	0.366	0.137
"RPL18"	"RPL18"	"19"	48615331	48619178	1574.385	1615.256	1646.627	1395.127	1420.154	1430.756	1406.127
"HSD17B14"	"HSD17B14"	"19"	48813014	48836688	8.153	8.25	9.387	4.975	4.423	4.025	5.395
"PLEKHA4"	"PLEKHA4"	"19"	48837092	48868622	7.099	7.163	6.973	5.596	4.103	4.265	4.327
"FTL"	"FTL"	"19"	48965309	48966879	2252.509	2254.521	2296.79	1729.056	1395.28	1475.671	1758.333
"GYS1"	"GYS1"	"19"	48968130	48993309	56.864	59.541	56.173	41.307	42.123	45.087	45.981
"NTF4"	"NTF4"	"19"	49058284	49065035	0.557	0.519	0.498	0.204	0	0.171	0.14
"RPL13A"	"RPL13A"	"19"	49487608	49492308	784.09	799.255	800.841	642.063	623.891	636.786	634.947
"RPS11"	"RPS11"	"19"	49496434	49499708	1941.357	1886.729	2106.18	1585.285	1592.503	1689.512	1656.266
"RCN3"	"RCN3"	"19"	49527579	49543638	0.4	0.493	0.374	0.107	0.109	0.104	0.069
"AKT1S1"	"AKT1S1"	"19"	49869033	49878356	77.697	80.862	84.927	69.653	67.53	72.536	67.31
"LOC122539214"	"LOC122539214"	"19"	52650447	52690496	2.607	2.345	2.07	3.238	3.778	3.629	3.655
"TNNT1"	"TNNT1"	"19"	55132698	55149332	28.907	30.252	25.9	13.746	13.721	20.572	19.443
"IL11"	"IL11"	"19"	55364382	55370463	31.307	33.711	32.435	22.35	20.512	20.615	28.322
"RPL28"	"RPL28"	"19"	55385932	55403342	206.682	206.14	232.739	162.337	171.532	170.821	157.892
"NAT14"	"NAT14"	"19"	55485188	55487566	52.173	53.255	55.672	43.607	37.372	34.242	35.3
"ZNF580"	"ZNF580"	"19"	55641002	55643470	60.898	61.243	68.48	45.528	49.838	49.971	44.864
"ZNF587B"	"ZNF587B"	"19"	57830299	57846238	2.024	2.147	2.173	2.593	2.953	3.295	3.197
"ZNF135"	"ZNF135"	"19"	58059227	58069755	0.22	0.134	0.258	0	0.015	0.015	0
"CHMP2A"	"CHMP2A"	"19"	58551566	58555624	69.314	66.531	59.866	56.666	47.136	49.437	52.446
"SRXN1"	"SRXN1"	"20"	646615	653200	66.619	71.14	74.399	88.847	83.659	81.829	90.114
"FAM110A"	"FAM110A"	"20"	833715	846279	6.105	5.965	6.519	10.101	12.311	9.559	7.852
"FKBP1A-SDCBP2"	"FKBP1A-SDCBP2"	"20"	1309909	1393172	42.605	45.161	44.109	33.288	33.535	33.331	38.857
"SIRPA"	"SIRPA"	"20"	1894167	1940592	75.24	78.403	79.228	62.63	64.985	68.453	67.691
"FTLP3"	"FTLP3"	"20"	4023718	4024588	229.225	245.515	228.234	179.196	146.357	152.874	186.989
"PRNP"	"PRNP"	"20"	4686456	4701588	75.63	71.197	73.772	100.853	90.709	94.788	94.221
"MCM8"	"MCM8"	"20"	5950652	6000941	8.408	8.105	9.214	11.317	11.604	11.14	10.659
"JAG1"	"JAG1"	"20"	10637684	10673999	8.653	8.021	8.019	21.086	13.225	15.894	17.634
"GINS1"	"GINS1"	"20"	25407470	25448568	19.138	18.605	21.091	25.383	24.614	22.938	24.03
"TPX2"	"TPX2"	"20"	31739248	31801802	187.98	192.399	197.777	245.08	276.305	250.663	237.163
"FOXS1"	"FOXS1"	"20"	31844303	31845604	10.733	9.23	7.432	4.065	5.48	4.995	5.712
"POFUT1"	"POFUT1"	"20"	32207880	32238658	52.862	50.854	50.772	63.84	58.949	60.308	59.388
"MIR1825"	"MIR1825"	"20"	32237795	32237847	78.796	74.694	77.994	110.67	94.78	95.004	109.146
"AHCY"	"AHCY"	"20"	34235012	34311976	87.706	94.458	92.254	79.264	75.858	79.43	83.15
"TP53INP2"	"TP53INP2"	"20"	34704344	34713439	19.877	18.846	21.435	14.46	15.864	15.022	15.663
"MMP24OS"	"MMP24OS"	"20"	35276352	35278122	50.414	47.128	46.724	31.82	37.325	36.349	35.469
"UQCC1"	"UQCC1"	"20"	35302578	35412047	43.093	43.53	43.537	36.628	38.048	38.711	38.692
"SPAG4"	"SPAG4"	"20"	35615829	35621094	3.545	2.904	2.304	1.053	1.607	1.158	1.013
"SCAND1"	"SCAND1"	"20"	35953624	35959472	41.083	39.673	38.837	34.031	32.66	30.283	31.729
"RBL1"	"RBL1"	"20"	36996349	37096029	13.739	13.409	14.581	16.962	18.291	16.651	18.594
"VSTM2L"	"VSTM2L"	"20"	37903104	37945350	1.476	1.371	1.439	0.329	0.149	0.357	0.457
"FAM83D"	"FAM83D"	"20"	38926417	38953106	53.588	56.391	56.82	77.693	87.403	69.177	68.602
"LOC105372621"	"LOC105372621"	"20"	40995614	41005340	0.684	0.301	0.8	1.218	1.859	2.083	1.758
"MYBL2"	"MYBL2"	"20"	43667114	43716482	102.437	111.046	116.377	130.353	141.348	137.954	125.368
"JPH2"	"JPH2"	"20"	44106590	44187946	4.294	4.365	4.066	2.246	2.958	2.381	2.427
"PKIG"	"PKIG"	"20"	44531875	44619037	36.349	33.198	34.939	26.776	29.199	29.986	28.792
"KCNK15"	"KCNK15"	"20"	44745605	44752313	0.07	0.062	0.041	0	0	0	0
"YWHAB"	"YWHAB"	"20"	44885705	44908532	281.151	280.687	270.545	247.122	247.532	241.73	255.365
"SDC4"	"SDC4"	"20"	45325288	45348424	225.199	220.977	226.184	195.786	180.264	166.979	188.623
"RPS2P7"	"RPS2P7"	"20"	45640452	45641393	47.232	44.201	45.079	37.132	32.073	35.858	37.796
"UBE2C"	"UBE2C"	"20"	45812644	45816952	140.086	150.336	157.96	220.904	210.913	191.632	181.786
"CSE1L"	"CSE1L"	"20"	49046312	49096949	177.6	175.031	186.758	206.061	210.957	212.956	215.643
"PTPN1"	"PTPN1"	"20"	50510383	50585241	68.968	69.52	74.492	59.45	61.001	61.48	61.216
"PARD6B"	"PARD6B"	"20"	50731580	50753741	1.438	1.513	1.805	1.078	0.556	0.825	0.782
"NFATC2"	"NFATC2"	"20"	51386963	51562857	0.225	0.287	0.254	0.732	0.618	0.58	0.811
"RPL12P4"	"RPL12P4"	"20"	55074556	55075178	575.46	550.446	558.855	463.629	430.153	411.744	475.76
"AURKA"	"AURKA"	"20"	56369390	56392308	72.624	75.492	78.263	106.265	116.836	94.326	93.205
"PMEPA1"	"PMEPA1"	"20"	57648396	57711472	6.787	6.859	6.014	9.211	8.344	9.347	10.329
"NPEPL1"	"NPEPL1"	"20"	58689131	58715844	9.216	10.43	9.517	4.45	5.386	4.997	6.542
"PPDPF"	"PPDPF"	"20"	63520741	63522206	478.945	480.724	493.028	418.257	431.253	446.885	437.148
"ARFRP1"	"ARFRP1"	"20"	63698647	63707976	20.717	20.335	19.529	25.669	23.26	25.171	23.136
"LOC102724023"	"LOC102724023"	"21"	5116341	5128369	6.236	6.293	6.346	4.245	3.263	3.709	4.521
"HSPA13"	"HSPA13"	"21"	14371115	14383146	44.93	43.921	40.937	60.506	51.967	54.777	53.399
"ADAMTS1"	"ADAMTS1"	"21"	26835755	26845409	43.263	48.242	51.876	83.068	102.089	60.893	76.586
"CFAP298"	"CFAP298"	"21"	32599354	32612377	18.287	18.321	19.332	22.42	21.649	21.252	20.957
"DONSON"	"DONSON"	"21"	33577551	33588684	40.156	42.642	43.328	50.844	58.242	50.66	51.154
"PFKL"	"PFKL"	"21"	44300040	44327373	91.338	93.731	86.776	78.054	70.944	77.126	67.518
"COL18A1"	"COL18A1"	"21"	45405165	45513720	9.754	9.327	8.759	14.31	13.328	14.58	11.396
"C21orf58"	"C21orf58"	"21"	46300426	46324046	6.065	5.667	6.684	8.493	9.544	8.69	7.405
"SLC25A1"	"SLC25A1"	"22"	19175581	19178736	78.761	86.094	83.946	66.244	68.184	65.228	64.08
"CLTCL1"	"CLTCL1"	"22"	19179473	19291719	4.15	4.625	4.855	2.377	2.787	3.249	3.439
"LINC01638"	"LINC01638"	"22"	27221350	27224679	51.083	46.287	43.778	24.938	29.344	34.848	32.559
"KREMEN1"	"KREMEN1"	"22"	29073035	29168333	1.737	1.811	1.954	1.3	0.55	0.823	0.629
"GAS2L1"	"GAS2L1"	"22"	29306650	29312787	25.309	25.242	26.286	36.558	34.942	33.971	29.203
"NIPSNAP1"	"NIPSNAP1"	"22"	29554808	29581113	95.472	90.639	91.193	70.465	56.491	60.692	59.424
"LIF"	"LIF"	"22"	30240453	30257487	96.74	99.016	94.212	56.326	72.1	67.566	72.963
"SEC14L2"	"SEC14L2"	"22"	30397018	30425303	45.777	46.167	44.192	37.27	37.78	35.472	36.068
"SEC14L6"	"SEC14L6"	"22"	30522797	30546741	0.472	0.384	0.276	0	0.165	0.079	0.047
"RNF185"	"RNF185"	"22"	31160182	31207019	29.007	28.445	30.961	24.923	22.493	23.534	24.753
"LIMK2"	"LIMK2"	"22"	31212298	31280080	37.265	36.319	37.383	27.253	26.401	31.194	27.726
"TIMP3"	"TIMP3"	"22"	32801705	32863041	0.437	0.492	0.388	0	0	0	0
"TOM1"	"TOM1"	"22"	35299275	35347981	23.448	23.233	24.018	18.79	20.943	18.916	20.16
"RASD2"	"RASD2"	"22"	35532806	35554003	4.44	4.873	4.421	1.67	2.066	2.062	2.208
"TXN2"	"TXN2"	"22"	36467036	36481672	79.242	82.31	83.038	69.67	63.009	68.203	68.341
"TST"	"TST"	"22"	37010859	37020183	26.399	29.246	30.474	24.009	21.089	21.714	24.429
"LGALS1"	"LGALS1"	"22"	37675636	37679802	4483.006	4604.098	4702.146	4230.744	4004.541	4083.3	3806.404
"EIF3L"	"EIF3L"	"22"	37848868	37889407	185.041	181.868	194.663	161.922	156.751	163.041	164.487
"PDGFB"	"PDGFB"	"22"	39223359	39244982	3.715	3.868	3.725	1.21	0.674	0.795	1.475
"RPL3"	"RPL3"	"22"	39312882	39319623	1663.99	1641.357	1751.572	1429.179	1383.188	1348.865	1354.999
"ACTBP15"	"ACTBP15"	"22"	41074165	41074795	28.51	23.415	22.333	16.551	16.383	19.617	16.807
"ZC3H7B"	"ZC3H7B"	"22"	41301525	41360147	91.69	90.34	96.571	82.088	80.898	80.93	77.841
"CSDC2"	"CSDC2"	"22"	41561010	41576666	4.444	4.163	3.453	1.809	0.719	0.304	0.436
"SREBF2"	"SREBF2"	"22"	41833105	41907308	30.434	29.463	28.76	17.926	19.671	20.493	19.296
"RRP7BP"	"RRP7BP"	"22"	42573244	42582011	3.031	3.547	3.384	4.877	5.619	4.708	5.434
"RPL5P34"	"RPL5P34"	"22"	42776345	42777370	88.531	83.508	86.164	75.923	74.363	73.342	74.705
"PNPLA3"	"PNPLA3"	"22"	43923805	43947582	2.771	2.876	2.935	1.611	1.957	1.626	1.276
"ATXN10"	"ATXN10"	"22"	45671834	45845307	166.012	167.61	171.437	138.653	133.184	128.36	134.47
"GTSE1"	"GTSE1"	"22"	46295143	46333699	24.707	26.185	28.243	35.808	43.034	38.46	32.718
"RAB9A"	"RAB9A"	"X"	13689128	13710504	40.511	37.536	35.426	59.714	48.463	53.327	59.487
"UBE2E4P"	"UBE2E4P"	"X"	14244265	14245423	11.226	11.589	11.348	13.701	13.003	13.757	12.894
"AP1S2"	"AP1S2"	"X"	15825806	15854966	13.249	12.046	12.628	14.835	16.545	16.202	16.246
"CTPS2"	"CTPS2"	"X"	16587999	16712917	12.659	12.591	11.922	15.63	15.577	16.223	16.89
"SYAP1"	"SYAP1"	"X"	16719612	16765340	36.938	36.34	34.95	43.467	41.826	41.94	43.18
"RBBP7"	"RBBP7"	"X"	16844341	16870362	188.495	182.984	189.382	244.516	261.935	267.336	275.126
"SCML1"	"SCML1"	"X"	17737457	17754985	2.019	2.14	2.464	3.292	3.828	4.097	3.703
"EIF1AX"	"EIF1AX"	"X"	20124525	20141838	42.903	44.523	44.313	49.394	49.843	49.749	54.668
"FAM3C2P"	"FAM3C2P"	"X"	23075586	23077412	63.212	63.147	62.323	82.298	72.165	72.651	80.626
"POLA1"	"POLA1"	"X"	24693877	24996986	10.748	10.6	10.597	11.983	12.158	12.132	12.56
"MED14"	"MED14"	"X"	40648305	40736122	21.387	20.248	20.684	32.584	35.776	39.707	37.439
"USP9X"	"USP9X"	"X"	41085420	41236579	42.353	41.88	39.331	59.74	54.473	62.808	65.769
"CDK16"	"CDK16"	"X"	47217881	47229997	73.764	76.801	77.628	101.826	100.637	102.984	95.159
"PRAF2"	"PRAF2"	"X"	49071161	49074002	78.4	70.748	81.719	66.932	61.94	59.999	58.645
"WDR45"	"WDR45"	"X"	49074442	49101178	24.904	24.606	23.442	19.327	17.851	21.283	19.435
"SMC1A"	"SMC1A"	"X"	53374149	53422728	41.054	44.167	44.674	48.559	53.52	52.257	50.488
"SPIN4"	"SPIN4"	"X"	63347228	63351332	9.293	9.54	10.161	13.086	13.071	13.51	12.733
"KIF4A"	"KIF4A"	"X"	70290104	70420886	33.018	35.523	34.106	47.013	56.825	49.836	47.883
"ERCC6L"	"ERCC6L"	"X"	72204665	72239027	14.003	15.439	13.737	18.18	21.256	17.225	19.265
"RPS4X"	"RPS4X"	"X"	72272042	72277248	987.224	970.219	1012.765	874.334	791.589	801.864	869.653
"XIST"	"XIST"	"X"	73820651	73852753	6.856	7.179	7.27	0.007	0	0.04	0
"JPX"	"JPX"	"X"	73944324	74070384	5.572	5.666	5.394	7.915	7.838	7.696	7.826
"PGK1"	"PGK1"	"X"	78104248	78129295	222.393	225.166	207.359	188.95	172.247	172.988	164.551
"CENPI"	"CENPI"	"X"	101098159	101181847	14.313	12.929	13.861	20.268	22.435	18.49	17.514
"GLA"	"GLA"	"X"	101397803	101407925	28.912	27.351	28.082	41.41	36.322	36.06	38.815
"BEX3"	"BEX3"	"X"	103376323	103378164	221.532	209.601	214.67	173.267	168.292	164.501	175.106
"PRPS1"	"PRPS1"	"X"	107628510	107651026	186.967	181.409	189.664	146.068	148.664	133.347	126.454
"CHRDL1"	"CHRDL1"	"X"	110673856	110795817	123.297	116.044	122.041	75.746	98.416	86.726	70.472
"HMGB3"	"HMGB3"	"X"	150980507	150990773	37.34	38.597	36.521	44.019	48.511	49.722	47.877
"KRT18P48"	"KRT18P48"	"X"	153604496	153605349	6.677	5.629	6.05	4.607	4.689	3.849	4.113
"IDH3G"	"IDH3G"	"X"	153785768	153794375	63.821	62.513	60.322	52.886	50.772	52.817	49.953
"RPL10"	"RPL10"	"X"	154398065	154402339	197.346	213.444	216.823	167.302	175.176	177.309	167.436
